:START_ID(Coach-ID),:END_ID(Team-ID),:TYPE
1533246,SWAWTEAM2---MEX01,COACHES
1533246,SWAWTEAM8---MEX01,COACHES
1535569,FENMTEAMSABRIRI01,COACHES
1535775,FBLMTEAM11--IRQ01,COACHES
1536328,SWAWTEAM2---MEX01,COACHES
1536328,SWAWTEAM8---MEX01,COACHES
1538313,HOCWTEAM11--ARG01,COACHES
1538315,HOCWTEAM11--ARG01,COACHES
1538317,HOCWTEAM11--ARG01,COACHES
1538318,HOCWTEAM11--ARG01,COACHES
1538320,HOCWTEAM11--ARG01,COACHES
1538324,HOCWTEAM11--ARG01,COACHES
1538327,HOCMTEAM11--ARG01,COACHES
1538327,HOCWTEAM11--ARG01,COACHES
1538329,HOCWTEAM11--ARG01,COACHES
1538745,HOCMTEAM11--ARG01,COACHES
1538746,HOCMTEAM11--ARG01,COACHES
1538748,HOCMTEAM11--ARG01,COACHES
1538749,HOCMTEAM11--ARG01,COACHES
1538751,HOCMTEAM11--ARG01,COACHES
1538754,HOCMTEAM11--ARG01,COACHES
1540522,HBLMTEAM7---ARG01,COACHES
1540527,HBLMTEAM7---ARG01,COACHES
1540630,RU7MTEAM7---ARG01,COACHES
1540632,RU7MTEAM7---ARG01,COACHES
1540633,RU7MTEAM7---ARG01,COACHES
1540638,RU7MTEAM7---ARG01,COACHES
1540639,RU7MTEAM7---ARG01,COACHES
1541507,FENMTEAMSABRIRI01,COACHES
1543574,HOCMTEAM11--IND01,COACHES
1543575,HOCMTEAM11--IND01,COACHES
1543576,HOCMTEAM11--IND01,COACHES
1543578,HOCMTEAM11--IND01,COACHES
1544157,SWAWTEAM2---GBR01,COACHES
1544158,SWAWTEAM2---GBR01,COACHES
1544489,RU7WTEAM7---IRL01,COACHES
1545096,HOCMTEAM11--IND01,COACHES
1545098,HOCMTEAM11--IND01,COACHES
1550039,BKBWTEAM5---PUR01,COACHES
1550047,BKBWTEAM5---PUR01,COACHES
1555115,RU7MTEAM7---IRL01,COACHES
1555115,RU7WTEAM7---IRL01,COACHES
1555126,RU7WTEAM7---IRL01,COACHES
1556249,WPOMTEAM7---ROU01,COACHES
1556250,WPOMTEAM7---ROU01,COACHES
1556255,WPOMTEAM7---ROU01,COACHES
1559026,FENMTEAMEPEEITA01,COACHES
1559026,FENWTEAMEPEEITA01,COACHES
1559048,HBLWTEAM7---SWE01,COACHES
1559051,HBLWTEAM7---SWE01,COACHES
1559053,HBLWTEAM7---SWE01,COACHES
1559066,HBLWTEAM7---SWE01,COACHES
1559067,HBLWTEAM7---SWE01,COACHES
1561282,HBLWTEAM7---BRA01,COACHES
1561288,HBLWTEAM7---BRA01,COACHES
1561292,HBLWTEAM7---BRA01,COACHES
1561718,HOCWTEAM11--GER01,COACHES
1561719,HOCWTEAM11--GER01,COACHES
1561722,HOCMTEAM11--GER01,COACHES
1561723,HOCWTEAM11--GER01,COACHES
1561725,HOCMTEAM11--GER01,COACHES
1561725,HOCWTEAM11--GER01,COACHES
1561726,HOCWTEAM11--GER01,COACHES
1561727,HOCMTEAM11--GER01,COACHES
1561732,HOCMTEAM11--GER01,COACHES
1561734,HOCWTEAM11--GER01,COACHES
1561736,HOCWTEAM11--GER01,COACHES
1561738,HOCWTEAM11--GER01,COACHES
1561741,HOCMTEAM11--GER01,COACHES
1561744,HOCMTEAM11--GER01,COACHES
1562557,HBLMTEAM7---SWE01,COACHES
1562558,HBLMTEAM7---SWE01,COACHES
1562563,HBLMTEAM7---SWE01,COACHES
1562564,HBLMTEAM7---SWE01,COACHES
1562566,HBLMTEAM7---SWE01,COACHES
1562963,VVOMTEAM6---GER01,COACHES
1562973,VVOMTEAM6---GER01,COACHES
1562974,VVOMTEAM6---GER01,COACHES
1562976,VVOMTEAM6---GER01,COACHES
1562977,VVOMTEAM6---GER01,COACHES
1562978,VVOMTEAM6---GER01,COACHES
1562982,VVOMTEAM6---GER01,COACHES
1562983,VVOMTEAM6---GER01,COACHES
1563945,HOCMTEAM11--IRL01,COACHES
1563956,HOCMTEAM11--IRL01,COACHES
1563957,HOCMTEAM11--IRL01,COACHES
1563958,HOCMTEAM11--IRL01,COACHES
1564287,FBLMTEAM11--IRQ01,COACHES
1564323,BKBMTEAM5---PUR01,COACHES
1564325,BKBMTEAM5---PUR01,COACHES
1565143,SWAWTEAM2---AUT01,COACHES
1565657,FBLMTEAM11--UKR01,COACHES
1565672,FBLMTEAM11--UKR01,COACHES
1568648,WPOMTEAM7---MNE01,COACHES
1568650,WPOMTEAM7---MNE01,COACHES
1572038,RU7MTEAM7---RSA01,COACHES
1572648,VVOWTEAM6---FRA01,COACHES
1572650,VVOWTEAM6---FRA01,COACHES
1572652,VVOWTEAM6---FRA01,COACHES
1572653,VVOWTEAM6---FRA01,COACHES
1572654,VVOWTEAM6---FRA01,COACHES
1572656,VVOWTEAM6---FRA01,COACHES
1572660,VVOWTEAM6---FRA01,COACHES
1573466,BKBWTEAM5---FRA01,COACHES
1573467,BKBWTEAM5---FRA01,COACHES
1573668,BKBMTEAM5---FRA01,COACHES
1573669,BKBMTEAM5---FRA01,COACHES
1574076,VVOMTEAM6---FRA01,COACHES
1574078,VVOMTEAM6---FRA01,COACHES
1574080,VVOMTEAM6---FRA01,COACHES
1574082,VVOMTEAM6---FRA01,COACHES
1574086,VVOMTEAM6---FRA01,COACHES
1574088,VVOMTEAM6---FRA01,COACHES
1574090,VVOMTEAM6---FRA01,COACHES
1574095,VVOMTEAM6---FRA01,COACHES
1878948,VVOWTEAM6---TUR01,COACHES
1878950,VVOWTEAM6---TUR01,COACHES
1878952,VVOWTEAM6---TUR01,COACHES
1878956,VVOWTEAM6---TUR01,COACHES
1878959,VVOWTEAM6---TUR01,COACHES
1879040,VVOWTEAM6---TUR01,COACHES
1879043,VVOWTEAM6---TUR01,COACHES
1879044,VVOWTEAM6---TUR01,COACHES
1879645,RU7MTEAM7---FRA01,COACHES
1879646,RU7MTEAM7---FRA01,COACHES
1879648,RU7MTEAM7---FRA01,COACHES
1879650,RU7MTEAM7---FRA01,COACHES
1879651,RU7MTEAM7---FRA01,COACHES
1879652,RU7MTEAM7---FRA01,COACHES
1879871,HBLWTEAM7---FRA01,COACHES
1879872,HBLWTEAM7---FRA01,COACHES
1879873,HBLWTEAM7---FRA01,COACHES
1879875,HBLWTEAM7---FRA01,COACHES
1879878,HBLWTEAM7---FRA01,COACHES
1879879,HBLWTEAM7---FRA01,COACHES
1880367,RU7MTEAM7---KEN01,COACHES
1880387,RU7MTEAM7---KEN01,COACHES
1880388,RU7MTEAM7---KEN01,COACHES
1880389,RU7MTEAM7---KEN01,COACHES
1880390,RU7MTEAM7---KEN01,COACHES
1880620,FBLWTEAM11--GER01,COACHES
1880626,FBLWTEAM11--GER01,COACHES
1880629,FBLWTEAM11--GER01,COACHES
1880639,FBLWTEAM11--GER01,COACHES
1888131,VVOWTEAM6---SRB01,COACHES
1888241,FBLWTEAM11--JPN01,COACHES
1888242,FBLWTEAM11--JPN01,COACHES
1888246,FBLWTEAM11--JPN01,COACHES
1888335,HOCWTEAM11--JPN01,COACHES
1888338,HOCWTEAM11--JPN01,COACHES
1888342,HOCWTEAM11--JPN01,COACHES
1888344,HOCWTEAM11--JPN01,COACHES
1888347,HOCWTEAM11--JPN01,COACHES
1888372,VVOWTEAM6---SRB01,COACHES
1888495,VVOWTEAM6---SRB01,COACHES
1888498,HOCMTEAM11--IRL01,COACHES
1888733,HOCMTEAM11--IRL01,COACHES
1891653,WPOMTEAM7---JPN01,COACHES
1891659,WPOMTEAM7---JPN01,COACHES
1891667,WPOMTEAM7---JPN01,COACHES
1891686,SWAWTEAM2---JPN01,COACHES
1891686,SWAWTEAM8---JPN01,COACHES
1891688,SWAWTEAM2---JPN01,COACHES
1891688,SWAWTEAM8---JPN01,COACHES
1892047,FBLMTEAM11--UZB01,COACHES
1892050,FBLMTEAM11--UZB01,COACHES
1893216,HBLMTEAM7---FRA01,COACHES
1893217,HBLMTEAM7---FRA01,COACHES
1893221,HBLMTEAM7---FRA01,COACHES
1893222,HBLMTEAM7---FRA01,COACHES
1893223,HBLMTEAM7---FRA01,COACHES
1893224,HBLMTEAM7---FRA01,COACHES
1894098,RU7MTEAM7---IRL01,COACHES
1894098,RU7WTEAM7---IRL01,COACHES
1894612,HBLMTEAM7---NOR01,COACHES
1894614,HBLWTEAM7---NOR01,COACHES
1894657,HBLMTEAM7---NOR01,COACHES
1894659,HBLMTEAM7---NOR01,COACHES
1894661,HBLMTEAM7---NOR01,COACHES
1894662,HBLWTEAM7---NOR01,COACHES
1894663,HBLWTEAM7---NOR01,COACHES
1894666,HBLWTEAM7---NOR01,COACHES
1894711,HBLWTEAM7---NOR01,COACHES
1894714,HBLWTEAM7---NOR01,COACHES
1894715,HBLMTEAM7---NOR01,COACHES
1895269,HBLMTEAM7---DEN01,COACHES
1895269,HBLWTEAM7---DEN01,COACHES
1895270,HBLWTEAM7---DEN01,COACHES
1895272,HBLMTEAM7---DEN01,COACHES
1895274,HBLWTEAM7---DEN01,COACHES
1895275,HBLMTEAM7---DEN01,COACHES
1895276,HBLMTEAM7---DEN01,COACHES
1895277,HBLMTEAM7---DEN01,COACHES
1895278,HBLWTEAM7---DEN01,COACHES
1895279,HBLWTEAM7---DEN01,COACHES
1895408,HOCMTEAM11--FRA01,COACHES
1895409,HOCMTEAM11--FRA01,COACHES
1895410,HOCMTEAM11--FRA01,COACHES
1895412,HOCMTEAM11--FRA01,COACHES
1895413,HOCMTEAM11--FRA01,COACHES
1895414,HOCMTEAM11--FRA01,COACHES
1895417,HOCMTEAM11--FRA01,COACHES
1895418,HOCMTEAM11--FRA01,COACHES
1896499,FENMTEAMFOILJPN01,COACHES
1896499,FENWTEAMFOILJPN01,COACHES
1896502,FENMTEAMFOILJPN01,COACHES
1896503,FENWTEAMSABRJPN01,COACHES
1896505,FENWTEAMSABRJPN01,COACHES
1896506,FENMTEAMEPEEJPN01,COACHES
1896507,FENMTEAMFOILJPN01,COACHES
1896507,FENWTEAMFOILJPN01,COACHES
1896508,FENMTEAMEPEEJPN01,COACHES
1896511,FENWTEAMSABRJPN01,COACHES
1896512,FENMTEAMEPEEJPN01,COACHES
1896513,FENWTEAMFOILJPN01,COACHES
1896559,HBLMTEAM7---JPN01,COACHES
1896562,HBLMTEAM7---JPN01,COACHES
1896570,HBLMTEAM7---JPN01,COACHES
1896698,RU7MTEAM7---RSA01,COACHES
1896699,RU7MTEAM7---RSA01,COACHES
1896700,RU7MTEAM7---RSA01,COACHES
1896701,RU7MTEAM7---RSA01,COACHES
1897292,SWAWTEAM2---ISR01,COACHES
1897518,SWAWTEAM2---UKR01,COACHES
1897607,FENWTEAMEPEEUKR01,COACHES
1897607,FENWTEAMSABRUKR01,COACHES
1897608,FENWTEAMEPEEUKR01,COACHES
1897609,FENWTEAMSABRUKR01,COACHES
1897610,FENWTEAMSABRUKR01,COACHES
1897615,FENWTEAMEPEEUKR01,COACHES
1897752,SWAWTEAM2---NZL01,COACHES
1897904,SWAWTEAM2---KOR01,COACHES
1898540,VVOWTEAM6---CHN01,COACHES
1898944,BKBMTEAM5---GER01,COACHES
1898950,BKBWTEAM5---GER01,COACHES
1898951,BKBWTEAM5---GER01,COACHES
1898959,BKBMTEAM5---GER01,COACHES
1899054,HOCMTEAM11--GBR01,COACHES
1899057,HOCWTEAM11--GBR01,COACHES
1899059,HOCMTEAM11--GBR01,COACHES
1899061,HOCWTEAM11--GBR01,COACHES
1899063,HOCMTEAM11--GBR01,COACHES
1899063,HOCWTEAM11--GBR01,COACHES
1899065,HOCWTEAM11--GBR01,COACHES
1899066,HOCMTEAM11--GBR01,COACHES
1899068,HOCMTEAM11--GBR01,COACHES
1899068,HOCWTEAM11--GBR01,COACHES
1899069,HOCWTEAM11--GBR01,COACHES
1899070,HOCMTEAM11--GBR01,COACHES
1899285,HBLMTEAM7---GER01,COACHES
1899286,HBLWTEAM7---GER01,COACHES
1899288,HBLMTEAM7---GER01,COACHES
1899289,HBLMTEAM7---GER01,COACHES
1899291,HBLMTEAM7---GER01,COACHES
1899294,HBLMTEAM7---GER01,COACHES
1899296,HBLWTEAM7---GER01,COACHES
1899298,HBLWTEAM7---GER01,COACHES
1899299,HBLMTEAM7---GER01,COACHES
1899299,HBLWTEAM7---GER01,COACHES
1899301,HBLWTEAM7---GER01,COACHES
1899303,HBLWTEAM7---GER01,COACHES
1900190,VVOMTEAM6---GER01,COACHES
1900728,FBLMTEAM11--FRA01,COACHES
1900729,FBLMTEAM11--FRA01,COACHES
1900730,FBLMTEAM11--FRA01,COACHES
1900731,FBLMTEAM11--FRA01,COACHES
1901253,VVOMTEAM6---CAN01,COACHES
1901256,VVOMTEAM6---CAN01,COACHES
1901258,VVOMTEAM6---CAN01,COACHES
1901261,VVOMTEAM6---CAN01,COACHES
1901264,VVOMTEAM6---CAN01,COACHES
1901268,VVOMTEAM6---CAN01,COACHES
1901805,BKBWTEAM5---CHN01,COACHES
1901818,BKBWTEAM5---CHN01,COACHES
1901836,BKBWTEAM5---JPN01,COACHES
1901839,BKBWTEAM5---JPN01,COACHES
1901849,BKBMTEAM5---JPN01,COACHES
1901850,BKBMTEAM5---JPN01,COACHES
1902914,VVOMTEAM6---POL01,COACHES
1902917,VVOMTEAM6---POL01,COACHES
1902918,VVOMTEAM6---POL01,COACHES
1902919,VVOMTEAM6---POL01,COACHES
1902920,VVOMTEAM6---POL01,COACHES
1902922,VVOMTEAM6---POL01,COACHES
1902924,VVOMTEAM6---POL01,COACHES
1902927,VVOMTEAM6---POL01,COACHES
1902928,VVOMTEAM6---POL01,COACHES
1903368,HBLMTEAM7---CRO01,COACHES
1903369,HBLMTEAM7---CRO01,COACHES
1903371,HBLMTEAM7---CRO01,COACHES
1903376,HBLMTEAM7---CRO01,COACHES
1903379,HBLMTEAM7---CRO01,COACHES
1903381,HBLMTEAM7---CRO01,COACHES
1903707,SWAWTEAM8---EGY01,COACHES
1903722,SWAWTEAM2---EGY01,COACHES
1903754,SWAWTEAM2---EGY01,COACHES
1903754,SWAWTEAM8---EGY01,COACHES
1903771,SWAWTEAM2---FRA01,COACHES
1903771,SWAWTEAM8---FRA01,COACHES
1903772,SWAWTEAM2---FRA01,COACHES
1903772,SWAWTEAM8---FRA01,COACHES
1903833,BKBWTEAM5---BEL01,COACHES
1903894,HOCWTEAM11--BEL01,COACHES
1903895,HOCMTEAM11--BEL01,COACHES
1903896,HOCMTEAM11--BEL01,COACHES
1903897,HOCWTEAM11--BEL01,COACHES
1903898,HOCWTEAM11--BEL01,COACHES
1903899,HOCMTEAM11--BEL01,COACHES
1903900,HOCMTEAM11--BEL01,COACHES
1906040,HOCWTEAM11--FRA01,COACHES
1906041,HOCWTEAM11--FRA01,COACHES
1906042,HOCWTEAM11--FRA01,COACHES
1906043,HOCWTEAM11--FRA01,COACHES
1906044,HOCWTEAM11--FRA01,COACHES
1906045,HOCWTEAM11--FRA01,COACHES
1906448,WPOWTEAM7---FRA01,COACHES
1906454,WPOWTEAM7---FRA01,COACHES
1906462,WPOMTEAM7---FRA01,COACHES
1906468,WPOMTEAM7---FRA01,COACHES
1908234,VVOMTEAM6---ARG01,COACHES
1908241,VVOMTEAM6---ARG01,COACHES
1908245,VVOMTEAM6---ARG01,COACHES
1908251,VVOMTEAM6---ARG01,COACHES
1908254,VVOMTEAM6---ARG01,COACHES
1908255,VVOMTEAM6---ARG01,COACHES
1908257,VVOMTEAM6---ARG01,COACHES
1908259,VVOMTEAM6---ARG01,COACHES
1908401,WPOMTEAM7---USA01,COACHES
1908402,WPOMTEAM7---USA01,COACHES
1908403,WPOMTEAM7---USA01,COACHES
1908408,WPOWTEAM7---USA01,COACHES
1908409,WPOWTEAM7---USA01,COACHES
1908410,WPOWTEAM7---USA01,COACHES
1908412,RU7WTEAM7---USA01,COACHES
1908649,VVOWTEAM6---DOM01,COACHES
1908654,VVOWTEAM6---DOM01,COACHES
1908664,VVOWTEAM6---DOM01,COACHES
1908666,FENMTEAMFOILCHN01,COACHES
1908666,FENWTEAMFOILCHN01,COACHES
1908671,FENWTEAMEPEECHN01,COACHES
1908673,FENWTEAMEPEECHN01,COACHES
1908675,FENWTEAMFOILCHN01,COACHES
1908678,FENMTEAMFOILCHN01,COACHES
1908678,FENWTEAMFOILCHN01,COACHES
1908689,VVOWTEAM6---DOM01,COACHES
1908691,FENWTEAMEPEECHN01,COACHES
1908773,RU7MTEAM7---JPN01,COACHES
1908776,RU7WTEAM7---JPN01,COACHES
1908788,RU7MTEAM7---JPN01,COACHES
1908791,RU7WTEAM7---JPN01,COACHES
1908795,RU7WTEAM7---JPN01,COACHES
1908796,RU7WTEAM7---JPN01,COACHES
1908797,RU7WTEAM7---JPN01,COACHES
1908798,RU7MTEAM7---JPN01,COACHES
1908800,RU7MTEAM7---JPN01,COACHES
1908801,RU7MTEAM7---JPN01,COACHES
1908802,RU7MTEAM7---JPN01,COACHES
1908804,RU7WTEAM7---JPN01,COACHES
1908805,VVOWTEAM6---DOM01,COACHES
1908808,VVOWTEAM6---DOM01,COACHES
1908814,VVOWTEAM6---DOM01,COACHES
1908861,SWAWTEAM2---CHN01,COACHES
1908861,SWAWTEAM8---CHN01,COACHES
1908862,SWAWTEAM2---CHN01,COACHES
1908865,SWAWTEAM8---CHN01,COACHES
1909734,VVOMTEAM6---EGY01,COACHES
1909742,VVOMTEAM6---EGY01,COACHES
1909843,VVOMTEAM6---EGY01,COACHES
1909887,VVOMTEAM6---EGY01,COACHES
1909923,VVOMTEAM6---EGY01,COACHES
1910307,VVOMTEAM6---EGY01,COACHES
1911256,HBLWTEAM7---ANG01,COACHES
1912238,HBLWTEAM7---ANG01,COACHES
1913681,VVOWTEAM6---CHN01,COACHES
1913682,VVOWTEAM6---CHN01,COACHES
1913683,VVOWTEAM6---CHN01,COACHES
1913686,VVOWTEAM6---CHN01,COACHES
1913690,VVOWTEAM6---CHN01,COACHES
1913692,VVOWTEAM6---CHN01,COACHES
1914528,FENMTEAMEPEECZE01,COACHES
1914548,FENMTEAMEPEECZE01,COACHES
1914550,FENMTEAMEPEECZE01,COACHES
1915796,WPOMTEAM7---CRO01,COACHES
1915797,WPOMTEAM7---CRO01,COACHES
1915807,WPOMTEAM7---CRO01,COACHES
1915986,RU7WTEAM7---FRA01,COACHES
1915987,RU7WTEAM7---FRA01,COACHES
1915988,RU7WTEAM7---FRA01,COACHES
1915989,RU7WTEAM7---FRA01,COACHES
1915990,RU7WTEAM7---FRA01,COACHES
1915991,RU7WTEAM7---FRA01,COACHES
1916242,FENMTEAMSABRFRA01,COACHES
1916244,FENMTEAMEPEEFRA01,COACHES
1916244,FENMTEAMFOILFRA01,COACHES
1916244,FENMTEAMSABRFRA01,COACHES
1916244,FENWTEAMEPEEFRA01,COACHES
1916244,FENWTEAMFOILFRA01,COACHES
1916244,FENWTEAMSABRFRA01,COACHES
1916254,FENMTEAMEPEEFRA01,COACHES
1916254,FENWTEAMEPEEFRA01,COACHES
1916255,FENWTEAMEPEEFRA01,COACHES
1916257,FENMTEAMEPEEFRA01,COACHES
1916258,FENWTEAMFOILFRA01,COACHES
1916259,FENWTEAMFOILFRA01,COACHES
1916263,FENMTEAMFOILFRA01,COACHES
1916264,FENMTEAMFOILFRA01,COACHES
1916265,FENWTEAMSABRFRA01,COACHES
1916266,FENWTEAMSABRFRA01,COACHES
1916268,FENMTEAMSABRFRA01,COACHES
1917115,FBLMTEAM11--MLI01,COACHES
1917164,FBLMTEAM11--MLI01,COACHES
1917718,VVOWTEAM6---USA01,COACHES
1917720,VVOWTEAM6---USA01,COACHES
1917721,VVOWTEAM6---USA01,COACHES
1917722,VVOWTEAM6---USA01,COACHES
1917723,VVOWTEAM6---USA01,COACHES
1917725,VVOWTEAM6---USA01,COACHES
1917727,VVOWTEAM6---USA01,COACHES
1917731,VVOWTEAM6---USA01,COACHES
1917868,VVOWTEAM6---USA01,COACHES
1918015,VVOMTEAM6---USA01,COACHES
1918016,VVOMTEAM6---USA01,COACHES
1918018,VVOMTEAM6---USA01,COACHES
1918019,VVOMTEAM6---USA01,COACHES
1918020,VVOMTEAM6---USA01,COACHES
1918022,VVOMTEAM6---USA01,COACHES
1918022,VVOWTEAM6---USA01,COACHES
1918024,VVOMTEAM6---USA01,COACHES
1918025,VVOMTEAM6---USA01,COACHES
1918026,VVOMTEAM6---USA01,COACHES
1918532,VVOWTEAM6---JPN01,COACHES
1918536,VVOWTEAM6---JPN01,COACHES
1918541,VVOWTEAM6---JPN01,COACHES
1918543,VVOWTEAM6---JPN01,COACHES
1918553,VVOMTEAM6---JPN01,COACHES
1918556,VVOMTEAM6---JPN01,COACHES
1918558,VVOMTEAM6---JPN01,COACHES
1918560,VVOMTEAM6---JPN01,COACHES
1918568,VVOMTEAM6---JPN01,COACHES
1918569,VVOMTEAM6---JPN01,COACHES
1918570,VVOMTEAM6---JPN01,COACHES
1918571,VVOWTEAM6---JPN01,COACHES
1918572,VVOWTEAM6---JPN01,COACHES
1918573,VVOWTEAM6---JPN01,COACHES
1921141,VVOMTEAM6---ITA01,COACHES
1921142,VVOMTEAM6---ITA01,COACHES
1921143,VVOMTEAM6---ITA01,COACHES
1921147,VVOMTEAM6---ITA01,COACHES
1921148,VVOWTEAM6---ITA01,COACHES
1921149,VVOWTEAM6---ITA01,COACHES
1921150,VVOWTEAM6---ITA01,COACHES
1921151,VVOWTEAM6---ITA01,COACHES
1921182,VVOMTEAM6---ITA01,COACHES
1921186,VVOMTEAM6---ITA01,COACHES
1921187,VVOMTEAM6---ITA01,COACHES
1921189,VVOWTEAM6---ITA01,COACHES
1921191,VVOWTEAM6---ITA01,COACHES
1921192,VVOWTEAM6---ITA01,COACHES
1921193,VVOWTEAM6---ITA01,COACHES
1922377,VVOMTEAM6---ITA01,COACHES
1922381,VVOWTEAM6---ITA01,COACHES
1922670,HOCWTEAM11--BEL01,COACHES
1922671,HOCMTEAM11--BEL01,COACHES
1922672,HOCWTEAM11--BEL01,COACHES
1922673,HOCWTEAM11--BEL01,COACHES
1923811,HOCMTEAM11--GBR01,COACHES
1923811,HOCWTEAM11--GBR01,COACHES
1924214,FENMTEAMFOILITA01,COACHES
1924214,FENWTEAMFOILITA01,COACHES
1924215,FENMTEAMSABRITA01,COACHES
1924215,FENWTEAMSABRITA01,COACHES
1924216,FENMTEAMFOILITA01,COACHES
1924217,FENWTEAMFOILITA01,COACHES
1924221,FENWTEAMEPEEITA01,COACHES
1924222,FENMTEAMEPEEITA01,COACHES
1924225,FENWTEAMSABRITA01,COACHES
1924227,FENMTEAMSABRITA01,COACHES
1924246,FENMTEAMFOILITA01,COACHES
1924246,FENMTEAMSABRITA01,COACHES
1924246,FENWTEAMFOILITA01,COACHES
1924252,FENMTEAMEPEEITA01,COACHES
1924252,FENWTEAMEPEEITA01,COACHES
1924252,FENWTEAMSABRITA01,COACHES
1924889,RU7MTEAM7---URU01,COACHES
1924891,RU7MTEAM7---URU01,COACHES
1924892,RU7MTEAM7---URU01,COACHES
1925017,FENMTEAMEPEEVEN01,COACHES
1925047,FENMTEAMEPEEVEN01,COACHES
1925565,WPOMTEAM7---ITA01,COACHES
1925566,WPOWTEAM7---ITA01,COACHES
1925568,SWAWTEAM2---ITA01,COACHES
1925568,SWAWTEAM8---ITA01,COACHES
1925590,WPOMTEAM7---ITA01,COACHES
1925591,WPOMTEAM7---ITA01,COACHES
1925602,SWAWTEAM2---ITA01,COACHES
1925602,SWAWTEAM8---ITA01,COACHES
1925620,WPOWTEAM7---ITA01,COACHES
1926526,HOCMTEAM11--NZL01,COACHES
1926527,HOCMTEAM11--NZL01,COACHES
1926529,HOCMTEAM11--NZL01,COACHES
1926530,HOCMTEAM11--NZL01,COACHES
1926532,HOCMTEAM11--NZL01,COACHES
1926534,HOCMTEAM11--NZL01,COACHES
1926597,RU7WTEAM7---NZL01,COACHES
1926599,RU7MTEAM7---NZL01,COACHES
1926601,RU7MTEAM7---NZL01,COACHES
1926602,RU7WTEAM7---NZL01,COACHES
1926603,RU7MTEAM7---NZL01,COACHES
1926604,RU7WTEAM7---NZL01,COACHES
1926605,RU7MTEAM7---NZL01,COACHES
1926606,RU7WTEAM7---NZL01,COACHES
1926607,RU7WTEAM7---NZL01,COACHES
1926608,RU7MTEAM7---NZL01,COACHES
1926610,RU7WTEAM7---NZL01,COACHES
1926612,RU7MTEAM7---NZL01,COACHES
1926615,RU7WTEAM7---NZL01,COACHES
1926616,RU7MTEAM7---NZL01,COACHES
1926933,HOCWTEAM11--CHN01,COACHES
1926934,HOCWTEAM11--CHN01,COACHES
1926943,HOCWTEAM11--CHN01,COACHES
1927174,HOCWTEAM11--CHN01,COACHES
1927175,HOCWTEAM11--CHN01,COACHES
1927222,RU7WTEAM7---CHN01,COACHES
1927223,RU7WTEAM7---CHN01,COACHES
1927225,RU7WTEAM7---CHN01,COACHES
1927226,RU7WTEAM7---CHN01,COACHES
1927270,WPOWTEAM7---CHN01,COACHES
1927271,WPOWTEAM7---CHN01,COACHES
1927274,WPOWTEAM7---CHN01,COACHES
1927337,FENMTEAMSABRKOR01,COACHES
1927337,FENWTEAMEPEEKOR01,COACHES
1927337,FENWTEAMSABRKOR01,COACHES
1927348,FENMTEAMSABRKOR01,COACHES
1927348,FENWTEAMEPEEKOR01,COACHES
1927348,FENWTEAMSABRKOR01,COACHES
1927350,FENWTEAMEPEEKOR01,COACHES
1927352,FENWTEAMSABRKOR01,COACHES
1927360,FENMTEAMSABRKOR01,COACHES
1927873,HBLWTEAM7---KOR01,COACHES
1927879,HBLWTEAM7---KOR01,COACHES
1927880,HBLWTEAM7---KOR01,COACHES
1928154,FBLWTEAM11--ZAM01,COACHES
1928465,VVOWTEAM6---POL01,COACHES
1928466,VVOWTEAM6---POL01,COACHES
1928467,VVOWTEAM6---POL01,COACHES
1928468,VVOWTEAM6---POL01,COACHES
1928469,VVOWTEAM6---POL01,COACHES
1928470,VVOWTEAM6---POL01,COACHES
1928472,VVOWTEAM6---POL01,COACHES
1928477,VVOWTEAM6---POL01,COACHES
1928480,VVOWTEAM6---POL01,COACHES
1928714,FBLWTEAM11--ZAM01,COACHES
1929436,RU7MTEAM7---URU01,COACHES
1929630,RU7MTEAM7---URU01,COACHES
1929648,FENMTEAMEPEEKAZ01,COACHES
1929649,FENMTEAMEPEEKAZ01,COACHES
1929717,RU7MTEAM7---URU01,COACHES
1930168,FBLWTEAM11--FRA01,COACHES
1930169,FBLWTEAM11--FRA01,COACHES
1930171,FBLWTEAM11--FRA01,COACHES
1930172,FBLWTEAM11--FRA01,COACHES
1930636,FBLMTEAM11--ARG01,COACHES
1930646,FBLWTEAM11--COL01,COACHES
1930666,FBLWTEAM11--ZAM01,COACHES
1930922,SWAWTEAM2---USA01,COACHES
1931463,FBLWTEAM11--ZAM01,COACHES
1931488,HBLMTEAM7---EGY01,COACHES
1931494,HBLMTEAM7---EGY01,COACHES
1931502,HBLMTEAM7---EGY01,COACHES
1931888,HBLMTEAM7---EGY01,COACHES
1932163,HBLMTEAM7---HUN01,COACHES
1932174,HBLMTEAM7---HUN01,COACHES
1932176,HBLMTEAM7---HUN01,COACHES
1932190,HBLMTEAM7---HUN01,COACHES
1932535,HBLMTEAM7---HUN01,COACHES
1932778,FENWTEAMFOILPOL01,COACHES
1932780,FENWTEAMFOILPOL01,COACHES
1932782,FENMTEAMFOILPOL01,COACHES
1932782,FENWTEAMEPEEPOL01,COACHES
1932782,FENWTEAMFOILPOL01,COACHES
1932783,FENMTEAMFOILPOL01,COACHES
1932784,FENMTEAMFOILPOL01,COACHES
1932787,FENWTEAMEPEEPOL01,COACHES
1933362,HBLWTEAM7---HUN01,COACHES
1933372,HBLWTEAM7---HUN01,COACHES
1933382,HBLWTEAM7---HUN01,COACHES
1933393,HBLWTEAM7---HUN01,COACHES
1933407,HBLWTEAM7---HUN01,COACHES
1933474,FBLMTEAM11--ARG01,COACHES
1933569,FBLWTEAM11--COL01,COACHES
1933763,FBLMTEAM11--ARG01,COACHES
1934022,FBLMTEAM11--ARG01,COACHES
1934443,HOCWTEAM11--ESP01,COACHES
1934444,HOCMTEAM11--ESP01,COACHES
1934447,HOCMTEAM11--ESP01,COACHES
1934448,HOCMTEAM11--ESP01,COACHES
1934448,HOCWTEAM11--ESP01,COACHES
1934451,HOCWTEAM11--ESP01,COACHES
1934454,HOCWTEAM11--ESP01,COACHES
1934458,HOCMTEAM11--ESP01,COACHES
1934462,HOCMTEAM11--ESP01,COACHES
1934469,HOCWTEAM11--ESP01,COACHES
1934811,FBLWTEAM11--COL01,COACHES
1934833,RU7WTEAM7---RSA01,COACHES
1934834,RU7WTEAM7---RSA01,COACHES
1934836,RU7WTEAM7---RSA01,COACHES
1934837,RU7WTEAM7---RSA01,COACHES
1935157,HBLMTEAM7---NOR01,COACHES
1935326,BKBWTEAM5---NGR01,COACHES
1935667,SWAWTEAM2---USA01,COACHES
1935667,SWAWTEAM8---USA01,COACHES
1935669,SWAWTEAM8---USA01,COACHES
1935670,VVOWTEAM6---USA01,COACHES
1936541,FENMTEAMEPEEHUN01,COACHES
1936918,HBLWTEAM7---ANG01,COACHES
1936971,FENMTEAMEPEEEGY01,COACHES
1937101,FENMTEAMFOILEGY01,COACHES
1937101,FENMTEAMSABREGY01,COACHES
1937256,FENWTEAMEPEEEGY01,COACHES
1937282,FENWTEAMFOILEGY01,COACHES
1937285,FENMTEAMEPEEEGY01,COACHES
1937285,FENWTEAMEPEEEGY01,COACHES
1938447,FENMTEAMSABREGY01,COACHES
1940074,BKBMTEAM5---AUS01,COACHES
1940075,BKBWTEAM5---AUS01,COACHES
1940088,BKBMTEAM5---AUS01,COACHES
1940093,BKBWTEAM5---AUS01,COACHES
1940331,SWAWTEAM2---KOR01,COACHES
1940783,VVOWTEAM6---KEN01,COACHES
1940927,FENMTEAMSABREGY01,COACHES
1940930,WPOWTEAM7---HUN01,COACHES
1940967,WPOMTEAM7---HUN01,COACHES
1941075,WPOWTEAM7---HUN01,COACHES
1941188,VVOWTEAM6---KEN01,COACHES
1941189,VVOWTEAM6---KEN01,COACHES
1941198,WPOWTEAM7---HUN01,COACHES
1941327,WPOMTEAM7---HUN01,COACHES
1941660,VVOWTEAM6---KEN01,COACHES
1941847,FBLMTEAM11--MLI01,COACHES
1941852,FBLMTEAM11--PAR01,COACHES
1942626,FBLMTEAM11--ESP01,COACHES
1942627,FBLMTEAM11--ESP01,COACHES
1942638,FBLMTEAM11--ESP01,COACHES
1942804,HOCWTEAM11--BEL01,COACHES
1942806,HOCMTEAM11--BEL01,COACHES
1942828,WPOMTEAM7---HUN01,COACHES
1942833,HOCWTEAM11--BEL01,COACHES
1942834,HOCWTEAM11--BEL01,COACHES
1942869,FBLMTEAM11--PAR01,COACHES
1943051,VVOWTEAM6---KEN01,COACHES
1943302,FBLWTEAM11--USA01,COACHES
1943308,FBLWTEAM11--USA01,COACHES
1943311,FBLWTEAM11--USA01,COACHES
1943842,FBLMTEAM11--PAR01,COACHES
1944188,FBLMTEAM11--USA01,COACHES
1944189,FBLMTEAM11--USA01,COACHES
1944190,FBLMTEAM11--USA01,COACHES
1944191,FBLMTEAM11--USA01,COACHES
1944971,FBLWTEAM11--NZL01,COACHES
1944972,FBLWTEAM11--NZL01,COACHES
1944973,FBLMTEAM11--NZL01,COACHES
1944974,FBLMTEAM11--NZL01,COACHES
1944977,FBLMTEAM11--NZL01,COACHES
1944979,FBLMTEAM11--NZL01,COACHES
1945000,FBLWTEAM11--NZL01,COACHES
1945433,HOCMTEAM11--AUS01,COACHES
1945439,HOCMTEAM11--AUS01,COACHES
1945447,HOCWTEAM11--AUS01,COACHES
1945449,HOCMTEAM11--AUS01,COACHES
1945449,HOCWTEAM11--AUS01,COACHES
1945451,HOCWTEAM11--AUS01,COACHES
1945459,HOCWTEAM11--AUS01,COACHES
1945465,HOCMTEAM11--AUS01,COACHES
1945465,HOCWTEAM11--AUS01,COACHES
1945466,HOCMTEAM11--AUS01,COACHES
1945480,HOCWTEAM11--AUS01,COACHES
1946312,FENMTEAMEPEEHUN01,COACHES
1946333,FENMTEAMSABRHUN01,COACHES
1946333,FENWTEAMSABRHUN01,COACHES
1946357,FENWTEAMSABRHUN01,COACHES
1946381,FENMTEAMSABRHUN01,COACHES
1946447,FENWTEAMSABRHUN01,COACHES
1946556,FENMTEAMEPEEHUN01,COACHES
1947623,WPOMTEAM7---AUS01,COACHES
1947628,WPOWTEAM7---AUS01,COACHES
1947636,WPOWTEAM7---AUS01,COACHES
1947637,WPOWTEAM7---AUS01,COACHES
1947638,WPOMTEAM7---AUS01,COACHES
1947772,FENWTEAMEPEEPOL01,COACHES
1948318,HBLWTEAM7---ESP01,COACHES
1948319,HBLWTEAM7---ESP01,COACHES
1948320,HBLMTEAM7---ESP01,COACHES
1948321,HBLWTEAM7---ESP01,COACHES
1948322,HBLMTEAM7---ESP01,COACHES
1948331,HBLWTEAM7---ESP01,COACHES
1948332,HBLMTEAM7---ESP01,COACHES
1948333,HBLMTEAM7---ESP01,COACHES
1948335,HBLWTEAM7---ESP01,COACHES
1948431,BKBMTEAM5---SRB01,COACHES
1948433,BKBMTEAM5---SRB01,COACHES
1948750,BKBWTEAM5---SRB01,COACHES
1948752,BKBWTEAM5---SRB01,COACHES
1948904,RU7WTEAM7---GBR01,COACHES
1948911,RU7WTEAM7---GBR01,COACHES
1948912,RU7WTEAM7---GBR01,COACHES
1948914,RU7WTEAM7---GBR01,COACHES
1948916,RU7WTEAM7---GBR01,COACHES
1948979,VVOMTEAM6---SRB01,COACHES
1948980,VVOMTEAM6---SRB01,COACHES
1948981,VVOMTEAM6---SRB01,COACHES
1948982,VVOMTEAM6---SRB01,COACHES
1948983,VVOMTEAM6---SRB01,COACHES
1948985,VVOMTEAM6---SRB01,COACHES
1948986,VVOMTEAM6---SRB01,COACHES
1949063,VVOWTEAM6---SRB01,COACHES
1949064,VVOWTEAM6---SRB01,COACHES
1949065,VVOWTEAM6---SRB01,COACHES
1949066,VVOWTEAM6---SRB01,COACHES
1949067,VVOMTEAM6---SRB01,COACHES
1949067,VVOWTEAM6---SRB01,COACHES
1949069,VVOWTEAM6---SRB01,COACHES
1949449,HOCMTEAM11--BEL01,COACHES
1949449,HOCWTEAM11--BEL01,COACHES
1949459,HOCMTEAM11--BEL01,COACHES
1949874,BKBWTEAM5---BEL01,COACHES
1950176,RU7WTEAM7---AUS01,COACHES
1950177,RU7WTEAM7---AUS01,COACHES
1950179,RU7MTEAM7---AUS01,COACHES
1950180,RU7MTEAM7---AUS01,COACHES
1950181,RU7MTEAM7---AUS01,COACHES
1950182,RU7MTEAM7---AUS01,COACHES
1950183,RU7WTEAM7---AUS01,COACHES
1950184,RU7MTEAM7---AUS01,COACHES
1950185,RU7MTEAM7---AUS01,COACHES
1950185,RU7WTEAM7---AUS01,COACHES
1950186,RU7WTEAM7---AUS01,COACHES
1950187,RU7WTEAM7---AUS01,COACHES
1950509,RU7WTEAM7---USA01,COACHES
1950510,RU7WTEAM7---USA01,COACHES
1950511,RU7WTEAM7---USA01,COACHES
1950512,RU7WTEAM7---USA01,COACHES
1950514,RU7WTEAM7---USA01,COACHES
1950515,RU7WTEAM7---USA01,COACHES
1950520,RU7MTEAM7---USA01,COACHES
1950521,RU7MTEAM7---USA01,COACHES
1950522,RU7MTEAM7---USA01,COACHES
1950523,RU7MTEAM7---USA01,COACHES
1950524,RU7MTEAM7---USA01,COACHES
1950525,RU7MTEAM7---USA01,COACHES
1951744,FENWTEAMEPEEUSA01,COACHES
1951745,FENMTEAMFOILUSA01,COACHES
1951750,FENWTEAMFOILUSA01,COACHES
1951752,FENWTEAMEPEEUSA01,COACHES
1951755,FENWTEAMSABRUSA01,COACHES
1951756,FENMTEAMFOILUSA01,COACHES
1951757,FENWTEAMFOILUSA01,COACHES
1951765,FENMTEAMSABRUSA01,COACHES
1951765,FENWTEAMSABRUSA01,COACHES
1951771,FENMTEAMSABRUSA01,COACHES
1951782,FENMTEAMFOILUSA01,COACHES
1951782,FENMTEAMSABRUSA01,COACHES
1951782,FENWTEAMEPEEUSA01,COACHES
1951782,FENWTEAMFOILUSA01,COACHES
1951782,FENWTEAMSABRUSA01,COACHES
1952532,BKBMTEAM5---BRA01,COACHES
1953168,FBLMTEAM11--JPN01,COACHES
1953169,FBLMTEAM11--JPN01,COACHES
1953170,FBLMTEAM11--JPN01,COACHES
1953555,FBLMTEAM11--EGY01,COACHES
1954065,HOCWTEAM11--USA01,COACHES
1954067,HOCWTEAM11--USA01,COACHES
1954068,HOCWTEAM11--USA01,COACHES
1954069,HOCWTEAM11--USA01,COACHES
1954070,HOCWTEAM11--USA01,COACHES
1954072,HOCWTEAM11--USA01,COACHES
1954482,BKBMTEAM5---USA01,COACHES
1954484,BKBMTEAM5---USA01,COACHES
1954501,BKBWTEAM5---USA01,COACHES
1954503,BKBWTEAM5---USA01,COACHES
1954672,RU7MTEAM7---FIJ01,COACHES
1954988,RU7WTEAM7---BRA01,COACHES
1955000,RU7WTEAM7---BRA01,COACHES
1955015,RU7WTEAM7---BRA01,COACHES
1955021,RU7WTEAM7---BRA01,COACHES
1955881,RU7WTEAM7---FIJ01,COACHES
1955885,RU7WTEAM7---FIJ01,COACHES
1955954,SWAWTEAM2---AUS01,COACHES
1955954,SWAWTEAM8---AUS01,COACHES
1955958,SWAWTEAM2---AUS01,COACHES
1955958,SWAWTEAM8---AUS01,COACHES
1956202,FBLMTEAM11--ISR01,COACHES
1956206,FBLMTEAM11--ISR01,COACHES
1956422,FBLMTEAM11--ISR01,COACHES
1956472,WPOMTEAM7---SRB01,COACHES
1956473,WPOMTEAM7---SRB01,COACHES
1956476,WPOMTEAM7---SRB01,COACHES
1957027,FBLMTEAM11--EGY01,COACHES
1957190,SWAWTEAM2---ESP01,COACHES
1957190,SWAWTEAM8---ESP01,COACHES
1957191,SWAWTEAM2---ESP01,COACHES
1957192,SWAWTEAM8---ESP01,COACHES
1957222,WPOWTEAM7---ESP01,COACHES
1957223,WPOMTEAM7---ESP01,COACHES
1957224,WPOMTEAM7---ESP01,COACHES
1957225,WPOMTEAM7---ESP01,COACHES
1957226,WPOWTEAM7---ESP01,COACHES
1957227,WPOWTEAM7---ESP01,COACHES
1958754,BKBMTEAM5---ESP01,COACHES
1958756,BKBWTEAM5---ESP01,COACHES
1958758,BKBWTEAM5---ESP01,COACHES
1958763,BKBMTEAM5---ESP01,COACHES
1959938,FENMTEAMEPEEKAZ01,COACHES
1960844,RU7WTEAM7---CAN01,COACHES
1960845,RU7WTEAM7---CAN01,COACHES
1960848,RU7WTEAM7---CAN01,COACHES
1960854,RU7WTEAM7---CAN01,COACHES
1960860,RU7WTEAM7---CAN01,COACHES
1961582,RU7WTEAM7---FIJ01,COACHES
1961586,RU7WTEAM7---FIJ01,COACHES
1961912,RU7WTEAM7---FIJ01,COACHES
1961922,RU7MTEAM7---FIJ01,COACHES
1962265,RU7MTEAM7---IRL01,COACHES
1962452,RU7WTEAM7---IRL01,COACHES
1963019,FBLMTEAM11--EGY01,COACHES
1963069,RU7MTEAM7---IRL01,COACHES
1963171,FBLWTEAM11--ESP01,COACHES
1963174,FBLWTEAM11--ESP01,COACHES
1963175,FBLWTEAM11--ESP01,COACHES
1963552,HOCWTEAM11--BEL01,COACHES
1963556,HOCWTEAM11--BEL01,COACHES
1963627,HBLMTEAM7---JPN01,COACHES
1963628,HBLMTEAM7---JPN01,COACHES
1964423,VVOMTEAM6---BRA01,COACHES
1964426,VVOWTEAM6---BRA01,COACHES
1964434,VVOWTEAM6---BRA01,COACHES
1964436,VVOWTEAM6---BRA01,COACHES
1964444,VVOMTEAM6---BRA01,COACHES
1964448,VVOMTEAM6---BRA01,COACHES
1964452,VVOMTEAM6---BRA01,COACHES
1964453,VVOWTEAM6---BRA01,COACHES
1964455,VVOWTEAM6---BRA01,COACHES
1964456,VVOWTEAM6---BRA01,COACHES
1964457,VVOMTEAM6---BRA01,COACHES
1964468,VVOMTEAM6---BRA01,COACHES
1964473,VVOWTEAM6---BRA01,COACHES
1964477,VVOMTEAM6---BRA01,COACHES
1964481,VVOMTEAM6---BRA01,COACHES
1964485,VVOMTEAM6---BRA01,COACHES
1964492,VVOWTEAM6---BRA01,COACHES
1964509,RU7WTEAM7---IRL01,COACHES
1965159,HOCWTEAM11--RSA01,COACHES
1965160,HOCWTEAM11--RSA01,COACHES
1965161,HOCWTEAM11--RSA01,COACHES
1965162,HOCWTEAM11--RSA01,COACHES
1965167,HOCWTEAM11--RSA01,COACHES
1965168,HOCWTEAM11--RSA01,COACHES
1965170,HOCWTEAM11--RSA01,COACHES
1965171,HOCWTEAM11--RSA01,COACHES
1967242,FBLWTEAM11--NZL01,COACHES
1967254,FBLWTEAM11--CAN01,COACHES
1967256,FBLWTEAM11--CAN01,COACHES
1967258,FBLWTEAM11--CAN01,COACHES
1967262,FBLWTEAM11--CAN01,COACHES
1967332,RU7MTEAM7---SAM01,COACHES
1967468,WPOWTEAM7---CAN01,COACHES
1967471,WPOWTEAM7---CAN01,COACHES
1967472,WPOWTEAM7---CAN01,COACHES
1967642,FBLWTEAM11--BRA01,COACHES
1967672,FBLWTEAM11--BRA01,COACHES
1967683,FBLWTEAM11--BRA01,COACHES
1968210,RU7MTEAM7---SAM01,COACHES
1968234,RU7MTEAM7---SAM01,COACHES
1968247,WPOMTEAM7---AUS01,COACHES
1968294,RU7MTEAM7---SAM01,COACHES
1968310,RU7MTEAM7---SAM01,COACHES
1968453,SWAWTEAM2---GRE01,COACHES
1968484,WPOWTEAM7---GRE01,COACHES
1968489,WPOWTEAM7---GRE01,COACHES
1968491,WPOWTEAM7---GRE01,COACHES
1968492,WPOMTEAM7---GRE01,COACHES
1968495,WPOMTEAM7---GRE01,COACHES
1968531,BKBMTEAM5---GRE01,COACHES
1968540,BKBMTEAM5---GRE01,COACHES
1968802,FBLWTEAM11--AUS01,COACHES
1968822,FBLWTEAM11--AUS01,COACHES
1968838,FBLWTEAM11--AUS01,COACHES
1968864,WPOWTEAM7---NED01,COACHES
1968868,WPOWTEAM7---NED01,COACHES
1968871,WPOWTEAM7---NED01,COACHES
1969357,FBLMTEAM11--MAR01,COACHES
1969386,FBLMTEAM11--MAR01,COACHES
1969609,FENMTEAMEPEEEGY01,COACHES
1969609,FENWTEAMEPEEEGY01,COACHES
1969633,FENMTEAMFOILEGY01,COACHES
1969633,FENWTEAMFOILEGY01,COACHES
1969820,FENWTEAMSABRALG01,COACHES
1969961,FENWTEAMSABRALG01,COACHES
1970311,HBLWTEAM7---NED01,COACHES
1970312,HBLWTEAM7---NED01,COACHES
1970317,HBLWTEAM7---NED01,COACHES
1970322,HBLWTEAM7---NED01,COACHES
1970733,SWAWTEAM2---GRE01,COACHES
1970974,FBLMTEAM11--MAR01,COACHES
1972025,HOCMTEAM11--NED01,COACHES
1972028,HOCWTEAM11--NED01,COACHES
1972030,HOCWTEAM11--NED01,COACHES
1972031,HOCWTEAM11--NED01,COACHES
1972034,HOCMTEAM11--NED01,COACHES
1972035,HOCMTEAM11--NED01,COACHES
1972037,HOCWTEAM11--NED01,COACHES
1972045,HOCMTEAM11--NED01,COACHES
1972052,HOCWTEAM11--NED01,COACHES
1972053,HOCMTEAM11--NED01,COACHES
1972055,HOCMTEAM11--NED01,COACHES
1972056,HOCMTEAM11--NED01,COACHES
1972057,HOCWTEAM11--NED01,COACHES
1972126,HOCMTEAM11--NED01,COACHES
1972461,SWAWTEAM2---NED01,COACHES
1972652,HOCMTEAM11--RSA01,COACHES
1972654,HOCMTEAM11--RSA01,COACHES
1972655,HOCMTEAM11--RSA01,COACHES
1972658,HOCMTEAM11--RSA01,COACHES
1972659,HOCMTEAM11--RSA01,COACHES
1972660,HOCMTEAM11--RSA01,COACHES
1972933,FBLMTEAM11--DOM01,COACHES
1972992,FBLMTEAM11--DOM01,COACHES
1973058,FBLMTEAM11--DOM01,COACHES
1973249,FENMTEAMFOILCAN01,COACHES
1973249,FENMTEAMSABRCAN01,COACHES
1973249,FENWTEAMFOILCAN01,COACHES
1973253,FENMTEAMFOILCAN01,COACHES
1973253,FENMTEAMSABRCAN01,COACHES
1973253,FENWTEAMFOILCAN01,COACHES
1973462,VVOWTEAM6---NED01,COACHES
1973520,VVOWTEAM6---NED01,COACHES
1973524,VVOWTEAM6---NED01,COACHES
1973525,VVOWTEAM6---NED01,COACHES
1973526,VVOWTEAM6---NED01,COACHES
1973532,VVOWTEAM6---NED01,COACHES
1973576,BKBMTEAM5---SSD01,COACHES
1973693,FBLWTEAM11--NGR01,COACHES
1973727,VVOMTEAM6---BRA01,COACHES
1974021,SWAWTEAM2---CAN01,COACHES
1974022,SWAWTEAM2---CAN01,COACHES
1974025,SWAWTEAM8---CAN01,COACHES
1974026,SWAWTEAM8---CAN01,COACHES
1974755,BKBWTEAM5---CAN01,COACHES
1974756,BKBMTEAM5---CAN01,COACHES
1974760,BKBMTEAM5---CAN01,COACHES
1974766,BKBWTEAM5---CAN01,COACHES
1975398,BKBMTEAM5---SSD01,COACHES
1977085,FENMTEAMFOILEGY01,COACHES
1977085,FENWTEAMFOILEGY01,COACHES
1977388,FBLWTEAM11--NGR01,COACHES
1977689,FBLMTEAM11--GUI01,COACHES
1977972,RU7MTEAM7---IRL01,COACHES
1978528,RU7WTEAM7---RSA01,COACHES
1978688,VVOMTEAM6---EGY01,COACHES
1978968,RU7WTEAM7---IRL01,COACHES
1979384,HOCMTEAM11--RSA01,COACHES
1980939,VVOMTEAM6---SLO01,COACHES
1980943,HBLWTEAM7---SLO01,COACHES
1980954,HBLMTEAM7---SLO01,COACHES
1980962,HBLWTEAM7---SLO01,COACHES
1980971,HBLWTEAM7---SLO01,COACHES
1980979,HBLWTEAM7---SLO01,COACHES
1980987,VVOMTEAM6---SLO01,COACHES
1980988,VVOMTEAM6---SLO01,COACHES
1981325,HBLMTEAM7---SLO01,COACHES
1981343,VVOMTEAM6---SLO01,COACHES
1981356,VVOMTEAM6---SLO01,COACHES
1981359,HBLWTEAM7---SLO01,COACHES
1981664,HBLMTEAM7---SLO01,COACHES
1981666,HBLMTEAM7---SLO01,COACHES
1981689,HBLMTEAM7---SLO01,COACHES
1981696,VVOMTEAM6---SLO01,COACHES
1981697,VVOMTEAM6---SLO01,COACHES
1982013,RU7MTEAM7---FIJ01,COACHES
1982128,RU7MTEAM7---FIJ01,COACHES
1982298,VVOMTEAM6---SLO01,COACHES
1982396,VVOMTEAM6---SLO01,COACHES
1986732,BKBWTEAM5---NGR01,COACHES
2041080,HOCMTEAM11--IRL01,COACHES
3057246,HBLWTEAM7---SLO01,COACHES
3058748,HBLWTEAM7---ANG01,COACHES
3430822,BKBMTEAM5---BRA01,COACHES
3538853,RU7MTEAM7---IRL01,COACHES
3546458,FBLMTEAM11--GUI01,COACHES
3546645,RU7MTEAM7---FIJ01,COACHES
3561918,FBLMTEAM11--IRQ01,COACHES
3910548,RU7WTEAM7---FIJ01,COACHES
3975763,HOCWTEAM11--CHN01,COACHES
4119106,HBLMTEAM7---EGY01,COACHES
4119109,VVOMTEAM6---EGY01,COACHES
4646497,HBLMTEAM7---SLO01,COACHES
4967785,FENMTEAMSABRHUN01,COACHES
4968917,FBLMTEAM11--GUI01,COACHES
9230001,HBLWTEAM7---SWE01,COACHES
9230002,HBLWTEAM7---BRA01,COACHES
9230003,HBLWTEAM7---BRA01,COACHES
9230004,HBLWTEAM7---DEN01,COACHES
9230005,HBLMTEAM7---DEN01,COACHES
9230006,HBLWTEAM7---ESP01,COACHES
9230007,HBLWTEAM7---KOR01,COACHES
9230008,HBLWTEAM7---KOR01,COACHES
9230009,HBLWTEAM7---KOR01,COACHES
9230010,HBLWTEAM7---NED01,COACHES
9230011,HBLWTEAM7---NED01,COACHES
9230012,HBLMTEAM7---ARG01,COACHES
9230013,HBLMTEAM7---ARG01,COACHES
9230014,HBLMTEAM7---ARG01,COACHES
9230015,HBLMTEAM7---EGY01,COACHES
9230016,HBLMTEAM7---JPN01,COACHES
9230017,HBLMTEAM7---ESP01,COACHES
9230018,HBLMTEAM7---ESP01,COACHES
9230019,HBLMTEAM7---SWE01,COACHES
9230020,HBLWTEAM7---NOR01,COACHES
9240002,HOCWTEAM11--RSA01,COACHES
9240003,HOCMTEAM11--RSA01,COACHES
9240004,HOCMTEAM11--IND01,COACHES
9240005,HOCWTEAM11--JPN01,COACHES
9240006,HOCWTEAM11--JPN01,COACHES
9430001,VVOMTEAM6---CAN01,COACHES
9430002,VVOMTEAM6---SRB01,COACHES
9430003,VVOMTEAM6---POL01,COACHES
9430004,VVOMTEAM6---POL01,COACHES
9430005,VVOWTEAM6---POL01,COACHES
9430006,VVOWTEAM6---POL01,COACHES
9430008,VVOWTEAM6---ITA01,COACHES
9450001,WPOWTEAM7---ITA01,COACHES
9450002,WPOMTEAM7---AUS01,COACHES
9450002,WPOWTEAM7---AUS01,COACHES
9450003,WPOMTEAM7---AUS01,COACHES
9450004,WPOWTEAM7---HUN01,COACHES
9450005,WPOWTEAM7---HUN01,COACHES
9450006,WPOWTEAM7---CAN01,COACHES
9450007,WPOWTEAM7---CAN01,COACHES
9450008,WPOWTEAM7---CHN01,COACHES
9450009,WPOWTEAM7---CHN01,COACHES
9450010,WPOMTEAM7---SRB01,COACHES
9450011,WPOMTEAM7---SRB01,COACHES
9450012,WPOMTEAM7---CRO01,COACHES
9450013,WPOMTEAM7---CRO01,COACHES
9450014,WPOMTEAM7---ITA01,COACHES
9450015,WPOMTEAM7---ITA01,COACHES
9450016,WPOMTEAM7---GRE01,COACHES
9450016,WPOWTEAM7---GRE01,COACHES
9450017,WPOMTEAM7---GRE01,COACHES
9450018,WPOWTEAM7---GRE01,COACHES
9450019,WPOWTEAM7---ITA01,COACHES
9450020,WPOWTEAM7---ITA01,COACHES
9450021,WPOMTEAM7---ROU01,COACHES
9450022,WPOMTEAM7---ROU01,COACHES
9450023,WPOMTEAM7---ESP01,COACHES
9450023,WPOWTEAM7---ESP01,COACHES
9450024,WPOWTEAM7---ESP01,COACHES
9450025,WPOMTEAM7---ESP01,COACHES
9450026,WPOMTEAM7---FRA01,COACHES
9450027,WPOMTEAM7---FRA01,COACHES
9450028,WPOMTEAM7---HUN01,COACHES
9450029,WPOMTEAM7---HUN01,COACHES
9450030,WPOMTEAM7---JPN01,COACHES
9450031,WPOMTEAM7---JPN01,COACHES
9450032,WPOWTEAM7---AUS01,COACHES
9450033,WPOWTEAM7---NED01,COACHES
9450034,WPOWTEAM7---NED01,COACHES
9450035,WPOWTEAM7---USA01,COACHES
9450036,WPOWTEAM7---USA01,COACHES
9450037,WPOMTEAM7---MNE01,COACHES
9450038,WPOMTEAM7---MNE01,COACHES
9450039,WPOWTEAM7---FRA01,COACHES
9450040,WPOMTEAM7---USA01,COACHES
9450041,WPOMTEAM7---USA01,COACHES
9450042,WPOMTEAM7---GRE01,COACHES
