:START_ID(Team-ID),:END_ID(Country-ID),:TYPE
ARCMTEAM3---CHN01,CHN,REPRESENTS
ARCMTEAM3---COL01,COL,REPRESENTS
ARCMTEAM3---FRA01,FRA,REPRESENTS
ARCMTEAM3---GBR01,GBR,REPRESENTS
ARCMTEAM3---IND01,IND,REPRESENTS
ARCMTEAM3---ITA01,ITA,REPRESENTS
ARCMTEAM3---JPN01,JPN,REPRESENTS
ARCMTEAM3---KAZ01,KAZ,REPRESENTS
ARCMTEAM3---KOR01,KOR,REPRESENTS
ARCMTEAM3---MEX01,MEX,REPRESENTS
ARCMTEAM3---TPE01,TPE,REPRESENTS
ARCMTEAM3---TUR01,TUR,REPRESENTS
ARCWTEAM3---CHN01,CHN,REPRESENTS
ARCWTEAM3---FRA01,FRA,REPRESENTS
ARCWTEAM3---GBR01,GBR,REPRESENTS
ARCWTEAM3---GER01,GER,REPRESENTS
ARCWTEAM3---INA01,INA,REPRESENTS
ARCWTEAM3---IND01,IND,REPRESENTS
ARCWTEAM3---KOR01,KOR,REPRESENTS
ARCWTEAM3---MAS01,MAS,REPRESENTS
ARCWTEAM3---MEX01,MEX,REPRESENTS
ARCWTEAM3---NED01,NED,REPRESENTS
ARCWTEAM3---TPE01,TPE,REPRESENTS
ARCWTEAM3---USA01,USA,REPRESENTS
ARCXTEAM2---AUS01,AUS,REPRESENTS
ARCXTEAM2---BRA01,BRA,REPRESENTS
ARCXTEAM2---CAN01,CAN,REPRESENTS
ARCXTEAM2---CHN01,CHN,REPRESENTS
ARCXTEAM2---COL01,COL,REPRESENTS
ARCXTEAM2---CZE01,CZE,REPRESENTS
ARCXTEAM2---EGY01,EGY,REPRESENTS
ARCXTEAM2---ESP01,ESP,REPRESENTS
ARCXTEAM2---FRA01,FRA,REPRESENTS
ARCXTEAM2---GBR01,GBR,REPRESENTS
ARCXTEAM2---GER01,GER,REPRESENTS
ARCXTEAM2---INA01,INA,REPRESENTS
ARCXTEAM2---IND01,IND,REPRESENTS
ARCXTEAM2---ISR01,ISR,REPRESENTS
ARCXTEAM2---ITA01,ITA,REPRESENTS
ARCXTEAM2---JPN01,JPN,REPRESENTS
ARCXTEAM2---KOR01,KOR,REPRESENTS
ARCXTEAM2---MDA01,MDA,REPRESENTS
ARCXTEAM2---MEX01,MEX,REPRESENTS
ARCXTEAM2---NED01,NED,REPRESENTS
ARCXTEAM2---SLO01,SLO,REPRESENTS
ARCXTEAM2---TPE01,TPE,REPRESENTS
ARCXTEAM2---TUR01,TUR,REPRESENTS
ARCXTEAM2---UKR01,UKR,REPRESENTS
ARCXTEAM2---USA01,USA,REPRESENTS
ARCXTEAM2---UZB01,UZB,REPRESENTS
ARCXTEAM2---VIE01,VIE,REPRESENTS
ATHM4X100M--AUS01,AUS,REPRESENTS
ATHM4X100M--BRA01,BRA,REPRESENTS
ATHM4X100M--CAN01,CAN,REPRESENTS
ATHM4X100M--CHN01,CHN,REPRESENTS
ATHM4X100M--FRA01,FRA,REPRESENTS
ATHM4X100M--GBR01,GBR,REPRESENTS
ATHM4X100M--GER01,GER,REPRESENTS
ATHM4X100M--GHA01,GHA,REPRESENTS
ATHM4X100M--ITA01,ITA,REPRESENTS
ATHM4X100M--JAM01,JAM,REPRESENTS
ATHM4X100M--JPN01,JPN,REPRESENTS
ATHM4X100M--LBR01,LBR,REPRESENTS
ATHM4X100M--NED01,NED,REPRESENTS
ATHM4X100M--NGR01,NGR,REPRESENTS
ATHM4X100M--RSA01,RSA,REPRESENTS
ATHM4X100M--USA01,USA,REPRESENTS
ATHM4X400M--BEL01,BEL,REPRESENTS
ATHM4X400M--BOT01,BOT,REPRESENTS
ATHM4X400M--BRA01,BRA,REPRESENTS
ATHM4X400M--ESP01,ESP,REPRESENTS
ATHM4X400M--FRA01,FRA,REPRESENTS
ATHM4X400M--GBR01,GBR,REPRESENTS
ATHM4X400M--GER01,GER,REPRESENTS
ATHM4X400M--IND01,IND,REPRESENTS
ATHM4X400M--ITA01,ITA,REPRESENTS
ATHM4X400M--JPN01,JPN,REPRESENTS
ATHM4X400M--NGR01,NGR,REPRESENTS
ATHM4X400M--POL01,POL,REPRESENTS
ATHM4X400M--RSA01,RSA,REPRESENTS
ATHM4X400M--TTO01,TTO,REPRESENTS
ATHM4X400M--USA01,USA,REPRESENTS
ATHM4X400M--ZAM01,ZAM,REPRESENTS
ATHW4X100M--AUS01,AUS,REPRESENTS
ATHW4X100M--BEL01,BEL,REPRESENTS
ATHW4X100M--CAN01,CAN,REPRESENTS
ATHW4X100M--CIV01,CIV,REPRESENTS
ATHW4X100M--ESP01,ESP,REPRESENTS
ATHW4X100M--FRA01,FRA,REPRESENTS
ATHW4X100M--GBR01,GBR,REPRESENTS
ATHW4X100M--GER01,GER,REPRESENTS
ATHW4X100M--ITA01,ITA,REPRESENTS
ATHW4X100M--JAM01,JAM,REPRESENTS
ATHW4X100M--NED01,NED,REPRESENTS
ATHW4X100M--NGR01,NGR,REPRESENTS
ATHW4X100M--POL01,POL,REPRESENTS
ATHW4X100M--SUI01,SUI,REPRESENTS
ATHW4X100M--TTO01,TTO,REPRESENTS
ATHW4X100M--USA01,USA,REPRESENTS
ATHW4X400M--BEL01,BEL,REPRESENTS
ATHW4X400M--CAN01,CAN,REPRESENTS
ATHW4X400M--CUB01,CUB,REPRESENTS
ATHW4X400M--ESP01,ESP,REPRESENTS
ATHW4X400M--FRA01,FRA,REPRESENTS
ATHW4X400M--GBR01,GBR,REPRESENTS
ATHW4X400M--GER01,GER,REPRESENTS
ATHW4X400M--IND01,IND,REPRESENTS
ATHW4X400M--IRL01,IRL,REPRESENTS
ATHW4X400M--ITA01,ITA,REPRESENTS
ATHW4X400M--JAM01,JAM,REPRESENTS
ATHW4X400M--NED01,NED,REPRESENTS
ATHW4X400M--NOR01,NOR,REPRESENTS
ATHW4X400M--POL01,POL,REPRESENTS
ATHW4X400M--SUI01,SUI,REPRESENTS
ATHW4X400M--USA01,USA,REPRESENTS
ATHX42KWALKTAUS01,AUS,REPRESENTS
ATHX42KWALKTAUS02,AUS,REPRESENTS
ATHX42KWALKTBRA01,BRA,REPRESENTS
ATHX42KWALKTCAN01,CAN,REPRESENTS
ATHX42KWALKTCHN01,CHN,REPRESENTS
ATHX42KWALKTCHN02,CHN,REPRESENTS
ATHX42KWALKTCOL01,COL,REPRESENTS
ATHX42KWALKTCOL02,COL,REPRESENTS
ATHX42KWALKTCZE01,CZE,REPRESENTS
ATHX42KWALKTECU01,ECU,REPRESENTS
ATHX42KWALKTESP01,ESP,REPRESENTS
ATHX42KWALKTESP02,ESP,REPRESENTS
ATHX42KWALKTFRA01,FRA,REPRESENTS
ATHX42KWALKTGER01,GER,REPRESENTS
ATHX42KWALKTHUN01,HUN,REPRESENTS
ATHX42KWALKTIND01,IND,REPRESENTS
ATHX42KWALKTITA01,ITA,REPRESENTS
ATHX42KWALKTJPN01,JPN,REPRESENTS
ATHX42KWALKTJPN02,JPN,REPRESENTS
ATHX42KWALKTMEX01,MEX,REPRESENTS
ATHX42KWALKTPER01,PER,REPRESENTS
ATHX42KWALKTPOL01,POL,REPRESENTS
ATHX42KWALKTSVK01,SVK,REPRESENTS
ATHX42KWALKTTUR01,TUR,REPRESENTS
ATHX42KWALKTUKR01,UKR,REPRESENTS
ATHX4X400M--BAH01,BAH,REPRESENTS
ATHX4X400M--BEL01,BEL,REPRESENTS
ATHX4X400M--DOM01,DOM,REPRESENTS
ATHX4X400M--FRA01,FRA,REPRESENTS
ATHX4X400M--GBR01,GBR,REPRESENTS
ATHX4X400M--GER01,GER,REPRESENTS
ATHX4X400M--IRL01,IRL,REPRESENTS
ATHX4X400M--ITA01,ITA,REPRESENTS
ATHX4X400M--JAM01,JAM,REPRESENTS
ATHX4X400M--KEN01,KEN,REPRESENTS
ATHX4X400M--NED01,NED,REPRESENTS
ATHX4X400M--NGR01,NGR,REPRESENTS
ATHX4X400M--POL01,POL,REPRESENTS
ATHX4X400M--SUI01,SUI,REPRESENTS
ATHX4X400M--UKR01,UKR,REPRESENTS
ATHX4X400M--USA01,USA,REPRESENTS
BDMMDOUBLES-CAN01,CAN,REPRESENTS
BDMMDOUBLES-CHN01,CHN,REPRESENTS
BDMMDOUBLES-CHN02,CHN,REPRESENTS
BDMMDOUBLES-CZE01,CZE,REPRESENTS
BDMMDOUBLES-DEN01,DEN,REPRESENTS
BDMMDOUBLES-FRA01,FRA,REPRESENTS
BDMMDOUBLES-FRA02,FRA,REPRESENTS
BDMMDOUBLES-GBR01,GBR,REPRESENTS
BDMMDOUBLES-GER01,GER,REPRESENTS
BDMMDOUBLES-INA01,INA,REPRESENTS
BDMMDOUBLES-IND01,IND,REPRESENTS
BDMMDOUBLES-JPN01,JPN,REPRESENTS
BDMMDOUBLES-KOR01,KOR,REPRESENTS
BDMMDOUBLES-MAS01,MAS,REPRESENTS
BDMMDOUBLES-THA01,THA,REPRESENTS
BDMMDOUBLES-TPE01,TPE,REPRESENTS
BDMMDOUBLES-USA01,USA,REPRESENTS
BDMWDOUBLES-AUS01,AUS,REPRESENTS
BDMWDOUBLES-BUL01,BUL,REPRESENTS
BDMWDOUBLES-CHN01,CHN,REPRESENTS
BDMWDOUBLES-CHN02,CHN,REPRESENTS
BDMWDOUBLES-DEN01,DEN,REPRESENTS
BDMWDOUBLES-FRA01,FRA,REPRESENTS
BDMWDOUBLES-HKG01,HKG,REPRESENTS
BDMWDOUBLES-INA01,INA,REPRESENTS
BDMWDOUBLES-IND01,IND,REPRESENTS
BDMWDOUBLES-JPN01,JPN,REPRESENTS
BDMWDOUBLES-JPN02,JPN,REPRESENTS
BDMWDOUBLES-KOR01,KOR,REPRESENTS
BDMWDOUBLES-KOR02,KOR,REPRESENTS
BDMWDOUBLES-MAS01,MAS,REPRESENTS
BDMWDOUBLES-THA01,THA,REPRESENTS
BDMWDOUBLES-USA01,USA,REPRESENTS
BDMXDOUBLES-ALG01,ALG,REPRESENTS
BDMXDOUBLES-CHN01,CHN,REPRESENTS
BDMXDOUBLES-CHN02,CHN,REPRESENTS
BDMXDOUBLES-DEN01,DEN,REPRESENTS
BDMXDOUBLES-FRA01,FRA,REPRESENTS
BDMXDOUBLES-HKG01,HKG,REPRESENTS
BDMXDOUBLES-INA01,INA,REPRESENTS
BDMXDOUBLES-JPN01,JPN,REPRESENTS
BDMXDOUBLES-KOR01,KOR,REPRESENTS
BDMXDOUBLES-KOR02,KOR,REPRESENTS
BDMXDOUBLES-MAS01,MAS,REPRESENTS
BDMXDOUBLES-NED01,NED,REPRESENTS
BDMXDOUBLES-SGP01,SGP,REPRESENTS
BDMXDOUBLES-THA01,THA,REPRESENTS
BDMXDOUBLES-TPE01,TPE,REPRESENTS
BDMXDOUBLES-USA01,USA,REPRESENTS
BK3MTEAM3---CHN01,CHN,REPRESENTS
BK3MTEAM3---FRA01,FRA,REPRESENTS
BK3MTEAM3---LAT01,LAT,REPRESENTS
BK3MTEAM3---LTU01,LTU,REPRESENTS
BK3MTEAM3---NED01,NED,REPRESENTS
BK3MTEAM3---POL01,POL,REPRESENTS
BK3MTEAM3---SRB01,SRB,REPRESENTS
BK3MTEAM3---USA01,USA,REPRESENTS
BK3WTEAM3---AUS01,AUS,REPRESENTS
BK3WTEAM3---AZE01,AZE,REPRESENTS
BK3WTEAM3---CAN01,CAN,REPRESENTS
BK3WTEAM3---CHN01,CHN,REPRESENTS
BK3WTEAM3---ESP01,ESP,REPRESENTS
BK3WTEAM3---FRA01,FRA,REPRESENTS
BK3WTEAM3---GER01,GER,REPRESENTS
BK3WTEAM3---USA01,USA,REPRESENTS
BKBMTEAM5---AUS01,AUS,REPRESENTS
BKBMTEAM5---BRA01,BRA,REPRESENTS
BKBMTEAM5---CAN01,CAN,REPRESENTS
BKBMTEAM5---ESP01,ESP,REPRESENTS
BKBMTEAM5---FRA01,FRA,REPRESENTS
BKBMTEAM5---GER01,GER,REPRESENTS
BKBMTEAM5---GRE01,GRE,REPRESENTS
BKBMTEAM5---JPN01,JPN,REPRESENTS
BKBMTEAM5---PUR01,PUR,REPRESENTS
BKBMTEAM5---SRB01,SRB,REPRESENTS
BKBMTEAM5---SSD01,SSD,REPRESENTS
BKBMTEAM5---USA01,USA,REPRESENTS
BKBWTEAM5---AUS01,AUS,REPRESENTS
BKBWTEAM5---BEL01,BEL,REPRESENTS
BKBWTEAM5---CAN01,CAN,REPRESENTS
BKBWTEAM5---CHN01,CHN,REPRESENTS
BKBWTEAM5---ESP01,ESP,REPRESENTS
BKBWTEAM5---FRA01,FRA,REPRESENTS
BKBWTEAM5---GER01,GER,REPRESENTS
BKBWTEAM5---JPN01,JPN,REPRESENTS
BKBWTEAM5---NGR01,NGR,REPRESENTS
BKBWTEAM5---PUR01,PUR,REPRESENTS
BKBWTEAM5---SRB01,SRB,REPRESENTS
BKBWTEAM5---USA01,USA,REPRESENTS
CSPMC2-500M-AIN01,AIN,REPRESENTS
CSPMC2-500M-ANG01,ANG,REPRESENTS
CSPMC2-500M-BRA01,BRA,REPRESENTS
CSPMC2-500M-CHN01,CHN,REPRESENTS
CSPMC2-500M-CZE01,CZE,REPRESENTS
CSPMC2-500M-ESP01,ESP,REPRESENTS
CSPMC2-500M-FRA01,FRA,REPRESENTS
CSPMC2-500M-GER01,GER,REPRESENTS
CSPMC2-500M-HUN01,HUN,REPRESENTS
CSPMC2-500M-ITA01,ITA,REPRESENTS
CSPMC2-500M-KAZ01,KAZ,REPRESENTS
CSPMC2-500M-NZL01,NZL,REPRESENTS
CSPMC2-500M-ROU01,ROU,REPRESENTS
CSPMK2-500M-AUS01,AUS,REPRESENTS
CSPMK2-500M-CAN01,CAN,REPRESENTS
CSPMK2-500M-CHN01,CHN,REPRESENTS
CSPMK2-500M-CZE01,CZE,REPRESENTS
CSPMK2-500M-ESP01,ESP,REPRESENTS
CSPMK2-500M-ESP02,ESP,REPRESENTS
CSPMK2-500M-GER01,GER,REPRESENTS
CSPMK2-500M-GER02,GER,REPRESENTS
CSPMK2-500M-HUN01,HUN,REPRESENTS
CSPMK2-500M-HUN02,HUN,REPRESENTS
CSPMK2-500M-KAZ01,KAZ,REPRESENTS
CSPMK2-500M-LTU01,LTU,REPRESENTS
CSPMK2-500M-NZL01,NZL,REPRESENTS
CSPMK2-500M-POL01,POL,REPRESENTS
CSPMK2-500M-POR01,POR,REPRESENTS
CSPMK2-500M-RSA01,RSA,REPRESENTS
CSPMK2-500M-SRB01,SRB,REPRESENTS
CSPMK2-500M-SRB02,SRB,REPRESENTS
CSPMK2-500M-UKR01,UKR,REPRESENTS
CSPMK2-500M-USA01,USA,REPRESENTS
CSPMK4-500M-AUS01,AUS,REPRESENTS
CSPMK4-500M-CAN01,CAN,REPRESENTS
CSPMK4-500M-CHN01,CHN,REPRESENTS
CSPMK4-500M-DEN01,DEN,REPRESENTS
CSPMK4-500M-ESP01,ESP,REPRESENTS
CSPMK4-500M-GER01,GER,REPRESENTS
CSPMK4-500M-HUN01,HUN,REPRESENTS
CSPMK4-500M-LTU01,LTU,REPRESENTS
CSPMK4-500M-NZL01,NZL,REPRESENTS
CSPMK4-500M-SRB01,SRB,REPRESENTS
CSPMK4-500M-UKR01,UKR,REPRESENTS
CSPWC2-500M-CAN01,CAN,REPRESENTS
CSPWC2-500M-CHI01,CHI,REPRESENTS
CSPWC2-500M-CHN01,CHN,REPRESENTS
CSPWC2-500M-CUB01,CUB,REPRESENTS
CSPWC2-500M-ESP01,ESP,REPRESENTS
CSPWC2-500M-FRA01,FRA,REPRESENTS
CSPWC2-500M-GER01,GER,REPRESENTS
CSPWC2-500M-HUN01,HUN,REPRESENTS
CSPWC2-500M-KAZ01,KAZ,REPRESENTS
CSPWC2-500M-MDA01,MDA,REPRESENTS
CSPWC2-500M-NGR01,NGR,REPRESENTS
CSPWC2-500M-POL01,POL,REPRESENTS
CSPWC2-500M-UKR01,UKR,REPRESENTS
CSPWK2-500M-AUS01,AUS,REPRESENTS
CSPWK2-500M-BEL01,BEL,REPRESENTS
CSPWK2-500M-CAN01,CAN,REPRESENTS
CSPWK2-500M-CHN01,CHN,REPRESENTS
CSPWK2-500M-DEN01,DEN,REPRESENTS
CSPWK2-500M-ESP01,ESP,REPRESENTS
CSPWK2-500M-FRA01,FRA,REPRESENTS
CSPWK2-500M-GER01,GER,REPRESENTS
CSPWK2-500M-GER02,GER,REPRESENTS
CSPWK2-500M-HUN01,HUN,REPRESENTS
CSPWK2-500M-HUN02,HUN,REPRESENTS
CSPWK2-500M-MEX01,MEX,REPRESENTS
CSPWK2-500M-NED01,NED,REPRESENTS
CSPWK2-500M-NOR01,NOR,REPRESENTS
CSPWK2-500M-NZL01,NZL,REPRESENTS
CSPWK2-500M-NZL02,NZL,REPRESENTS
CSPWK2-500M-POL01,POL,REPRESENTS
CSPWK2-500M-POL02,POL,REPRESENTS
CSPWK2-500M-RSA01,RSA,REPRESENTS
CSPWK2-500M-SWE01,SWE,REPRESENTS
CSPWK4-500M-AUS01,AUS,REPRESENTS
CSPWK4-500M-CAN01,CAN,REPRESENTS
CSPWK4-500M-CHN01,CHN,REPRESENTS
CSPWK4-500M-ESP01,ESP,REPRESENTS
CSPWK4-500M-GER01,GER,REPRESENTS
CSPWK4-500M-HUN01,HUN,REPRESENTS
CSPWK4-500M-NOR01,NOR,REPRESENTS
CSPWK4-500M-NZL01,NZL,REPRESENTS
CSPWK4-500M-POL01,POL,REPRESENTS
CSPWK4-500M-SRB01,SRB,REPRESENTS
CTRMMADISON-AUS01,AUS,REPRESENTS
CTRMMADISON-AUT01,AUT,REPRESENTS
CTRMMADISON-BEL01,BEL,REPRESENTS
CTRMMADISON-CAN01,CAN,REPRESENTS
CTRMMADISON-CZE01,CZE,REPRESENTS
CTRMMADISON-DEN01,DEN,REPRESENTS
CTRMMADISON-ESP01,ESP,REPRESENTS
CTRMMADISON-FRA01,FRA,REPRESENTS
CTRMMADISON-GBR01,GBR,REPRESENTS
CTRMMADISON-GER01,GER,REPRESENTS
CTRMMADISON-ITA01,ITA,REPRESENTS
CTRMMADISON-JPN01,JPN,REPRESENTS
CTRMMADISON-NED01,NED,REPRESENTS
CTRMMADISON-NZL01,NZL,REPRESENTS
CTRMMADISON-POR01,POR,REPRESENTS
CTRMPURTEAM4AUS01,AUS,REPRESENTS
CTRMPURTEAM4BEL01,BEL,REPRESENTS
CTRMPURTEAM4CAN01,CAN,REPRESENTS
CTRMPURTEAM4DEN01,DEN,REPRESENTS
CTRMPURTEAM4FRA01,FRA,REPRESENTS
CTRMPURTEAM4GBR01,GBR,REPRESENTS
CTRMPURTEAM4GER01,GER,REPRESENTS
CTRMPURTEAM4ITA01,ITA,REPRESENTS
CTRMPURTEAM4JPN01,JPN,REPRESENTS
CTRMPURTEAM4NZL01,NZL,REPRESENTS
CTRMSPRTEAM3AUS01,AUS,REPRESENTS
CTRMSPRTEAM3CAN01,CAN,REPRESENTS
CTRMSPRTEAM3CHN01,CHN,REPRESENTS
CTRMSPRTEAM3FRA01,FRA,REPRESENTS
CTRMSPRTEAM3GBR01,GBR,REPRESENTS
CTRMSPRTEAM3GER01,GER,REPRESENTS
CTRMSPRTEAM3JPN01,JPN,REPRESENTS
CTRMSPRTEAM3NED01,NED,REPRESENTS
CTRWMADISON-AUS01,AUS,REPRESENTS
CTRWMADISON-BEL01,BEL,REPRESENTS
CTRWMADISON-CAN01,CAN,REPRESENTS
CTRWMADISON-DEN01,DEN,REPRESENTS
CTRWMADISON-FRA01,FRA,REPRESENTS
CTRWMADISON-GBR01,GBR,REPRESENTS
CTRWMADISON-GER01,GER,REPRESENTS
CTRWMADISON-IRL01,IRL,REPRESENTS
CTRWMADISON-ITA01,ITA,REPRESENTS
CTRWMADISON-JPN01,JPN,REPRESENTS
CTRWMADISON-NED01,NED,REPRESENTS
CTRWMADISON-NZL01,NZL,REPRESENTS
CTRWMADISON-POL01,POL,REPRESENTS
CTRWMADISON-SUI01,SUI,REPRESENTS
CTRWMADISON-USA01,USA,REPRESENTS
CTRWPURTEAM4AUS01,AUS,REPRESENTS
CTRWPURTEAM4CAN01,CAN,REPRESENTS
CTRWPURTEAM4FRA01,FRA,REPRESENTS
CTRWPURTEAM4GBR01,GBR,REPRESENTS
CTRWPURTEAM4GER01,GER,REPRESENTS
CTRWPURTEAM4IRL01,IRL,REPRESENTS
CTRWPURTEAM4ITA01,ITA,REPRESENTS
CTRWPURTEAM4JPN01,JPN,REPRESENTS
CTRWPURTEAM4NZL01,NZL,REPRESENTS
CTRWPURTEAM4USA01,USA,REPRESENTS
CTRWSPRTEAM3CAN01,CAN,REPRESENTS
CTRWSPRTEAM3CHN01,CHN,REPRESENTS
CTRWSPRTEAM3GBR01,GBR,REPRESENTS
CTRWSPRTEAM3GER01,GER,REPRESENTS
CTRWSPRTEAM3MEX01,MEX,REPRESENTS
CTRWSPRTEAM3NED01,NED,REPRESENTS
CTRWSPRTEAM3NZL01,NZL,REPRESENTS
CTRWSPRTEAM3POL01,POL,REPRESENTS
DIVM10MTEAM2AUS01,AUS,REPRESENTS
DIVM10MTEAM2CAN01,CAN,REPRESENTS
DIVM10MTEAM2CHN01,CHN,REPRESENTS
DIVM10MTEAM2FRA01,FRA,REPRESENTS
DIVM10MTEAM2GBR01,GBR,REPRESENTS
DIVM10MTEAM2GER01,GER,REPRESENTS
DIVM10MTEAM2MEX01,MEX,REPRESENTS
DIVM10MTEAM2UKR01,UKR,REPRESENTS
DIVM3MTEAM2-CHN01,CHN,REPRESENTS
DIVM3MTEAM2-ESP01,ESP,REPRESENTS
DIVM3MTEAM2-FRA01,FRA,REPRESENTS
DIVM3MTEAM2-GBR01,GBR,REPRESENTS
DIVM3MTEAM2-ITA01,ITA,REPRESENTS
DIVM3MTEAM2-MEX01,MEX,REPRESENTS
DIVM3MTEAM2-UKR01,UKR,REPRESENTS
DIVM3MTEAM2-USA01,USA,REPRESENTS
DIVW10MTEAM2CAN01,CAN,REPRESENTS
DIVW10MTEAM2CHN01,CHN,REPRESENTS
DIVW10MTEAM2FRA01,FRA,REPRESENTS
DIVW10MTEAM2GBR01,GBR,REPRESENTS
DIVW10MTEAM2MEX01,MEX,REPRESENTS
DIVW10MTEAM2PRK01,PRK,REPRESENTS
DIVW10MTEAM2UKR01,UKR,REPRESENTS
DIVW10MTEAM2USA01,USA,REPRESENTS
DIVW3MTEAM2-AUS01,AUS,REPRESENTS
DIVW3MTEAM2-CHN01,CHN,REPRESENTS
DIVW3MTEAM2-FRA01,FRA,REPRESENTS
DIVW3MTEAM2-GBR01,GBR,REPRESENTS
DIVW3MTEAM2-GER01,GER,REPRESENTS
DIVW3MTEAM2-ITA01,ITA,REPRESENTS
DIVW3MTEAM2-UKR01,UKR,REPRESENTS
DIVW3MTEAM2-USA01,USA,REPRESENTS
EQUODRESTEAMAUS01,AUS,REPRESENTS
EQUODRESTEAMAUT01,AUT,REPRESENTS
EQUODRESTEAMBEL01,BEL,REPRESENTS
EQUODRESTEAMCAN01,CAN,REPRESENTS
EQUODRESTEAMDEN01,DEN,REPRESENTS
EQUODRESTEAMESP01,ESP,REPRESENTS
EQUODRESTEAMFIN01,FIN,REPRESENTS
EQUODRESTEAMFRA01,FRA,REPRESENTS
EQUODRESTEAMGBR01,GBR,REPRESENTS
EQUODRESTEAMGER01,GER,REPRESENTS
EQUODRESTEAMNED01,NED,REPRESENTS
EQUODRESTEAMPOL01,POL,REPRESENTS
EQUODRESTEAMPOR01,POR,REPRESENTS
EQUODRESTEAMSWE01,SWE,REPRESENTS
EQUODRESTEAMUSA01,USA,REPRESENTS
EQUOEVENTEAMAUS01,AUS,REPRESENTS
EQUOEVENTEAMBEL01,BEL,REPRESENTS
EQUOEVENTEAMBRA01,BRA,REPRESENTS
EQUOEVENTEAMCAN01,CAN,REPRESENTS
EQUOEVENTEAMFRA01,FRA,REPRESENTS
EQUOEVENTEAMGBR01,GBR,REPRESENTS
EQUOEVENTEAMGER01,GER,REPRESENTS
EQUOEVENTEAMIRL01,IRL,REPRESENTS
EQUOEVENTEAMITA01,ITA,REPRESENTS
EQUOEVENTEAMJPN01,JPN,REPRESENTS
EQUOEVENTEAMNED01,NED,REPRESENTS
EQUOEVENTEAMNZL01,NZL,REPRESENTS
EQUOEVENTEAMPOL01,POL,REPRESENTS
EQUOEVENTEAMSUI01,SUI,REPRESENTS
EQUOEVENTEAMSWE01,SWE,REPRESENTS
EQUOEVENTEAMUSA01,USA,REPRESENTS
EQUOJUMPTEAMAUS01,AUS,REPRESENTS
EQUOJUMPTEAMAUT01,AUT,REPRESENTS
EQUOJUMPTEAMBEL01,BEL,REPRESENTS
EQUOJUMPTEAMBRA01,BRA,REPRESENTS
EQUOJUMPTEAMCAN01,CAN,REPRESENTS
EQUOJUMPTEAMESP01,ESP,REPRESENTS
EQUOJUMPTEAMFRA01,FRA,REPRESENTS
EQUOJUMPTEAMGBR01,GBR,REPRESENTS
EQUOJUMPTEAMGER01,GER,REPRESENTS
EQUOJUMPTEAMIRL01,IRL,REPRESENTS
EQUOJUMPTEAMISR01,ISR,REPRESENTS
EQUOJUMPTEAMJPN01,JPN,REPRESENTS
EQUOJUMPTEAMKSA01,KSA,REPRESENTS
EQUOJUMPTEAMMEX01,MEX,REPRESENTS
EQUOJUMPTEAMNED01,NED,REPRESENTS
EQUOJUMPTEAMPOL01,POL,REPRESENTS
EQUOJUMPTEAMSUI01,SUI,REPRESENTS
EQUOJUMPTEAMSWE01,SWE,REPRESENTS
EQUOJUMPTEAMUAE01,UAE,REPRESENTS
EQUOJUMPTEAMUSA01,USA,REPRESENTS
FBLMTEAM11--ARG01,ARG,REPRESENTS
FBLMTEAM11--DOM01,DOM,REPRESENTS
FBLMTEAM11--EGY01,EGY,REPRESENTS
FBLMTEAM11--ESP01,ESP,REPRESENTS
FBLMTEAM11--FRA01,FRA,REPRESENTS
FBLMTEAM11--GUI01,GUI,REPRESENTS
FBLMTEAM11--IRQ01,IRQ,REPRESENTS
FBLMTEAM11--ISR01,ISR,REPRESENTS
FBLMTEAM11--JPN01,JPN,REPRESENTS
FBLMTEAM11--MAR01,MAR,REPRESENTS
FBLMTEAM11--MLI01,MLI,REPRESENTS
FBLMTEAM11--NZL01,NZL,REPRESENTS
FBLMTEAM11--PAR01,PAR,REPRESENTS
FBLMTEAM11--UKR01,UKR,REPRESENTS
FBLMTEAM11--USA01,USA,REPRESENTS
FBLMTEAM11--UZB01,UZB,REPRESENTS
FBLWTEAM11--AUS01,AUS,REPRESENTS
FBLWTEAM11--BRA01,BRA,REPRESENTS
FBLWTEAM11--CAN01,CAN,REPRESENTS
FBLWTEAM11--COL01,COL,REPRESENTS
FBLWTEAM11--ESP01,ESP,REPRESENTS
FBLWTEAM11--FRA01,FRA,REPRESENTS
FBLWTEAM11--GER01,GER,REPRESENTS
FBLWTEAM11--JPN01,JPN,REPRESENTS
FBLWTEAM11--NGR01,NGR,REPRESENTS
FBLWTEAM11--NZL01,NZL,REPRESENTS
FBLWTEAM11--USA01,USA,REPRESENTS
FBLWTEAM11--ZAM01,ZAM,REPRESENTS
FENMTEAMEPEECZE01,CZE,REPRESENTS
FENMTEAMEPEEEGY01,EGY,REPRESENTS
FENMTEAMEPEEFRA01,FRA,REPRESENTS
FENMTEAMEPEEHUN01,HUN,REPRESENTS
FENMTEAMEPEEITA01,ITA,REPRESENTS
FENMTEAMEPEEJPN01,JPN,REPRESENTS
FENMTEAMEPEEKAZ01,KAZ,REPRESENTS
FENMTEAMEPEEVEN01,VEN,REPRESENTS
FENMTEAMFOILCAN01,CAN,REPRESENTS
FENMTEAMFOILCHN01,CHN,REPRESENTS
FENMTEAMFOILEGY01,EGY,REPRESENTS
FENMTEAMFOILFRA01,FRA,REPRESENTS
FENMTEAMFOILITA01,ITA,REPRESENTS
FENMTEAMFOILJPN01,JPN,REPRESENTS
FENMTEAMFOILPOL01,POL,REPRESENTS
FENMTEAMFOILUSA01,USA,REPRESENTS
FENMTEAMSABRCAN01,CAN,REPRESENTS
FENMTEAMSABREGY01,EGY,REPRESENTS
FENMTEAMSABRFRA01,FRA,REPRESENTS
FENMTEAMSABRHUN01,HUN,REPRESENTS
FENMTEAMSABRIRI01,IRI,REPRESENTS
FENMTEAMSABRITA01,ITA,REPRESENTS
FENMTEAMSABRKOR01,KOR,REPRESENTS
FENMTEAMSABRUSA01,USA,REPRESENTS
FENWTEAMEPEECHN01,CHN,REPRESENTS
FENWTEAMEPEEEGY01,EGY,REPRESENTS
FENWTEAMEPEEFRA01,FRA,REPRESENTS
FENWTEAMEPEEITA01,ITA,REPRESENTS
FENWTEAMEPEEKOR01,KOR,REPRESENTS
FENWTEAMEPEEPOL01,POL,REPRESENTS
FENWTEAMEPEEUKR01,UKR,REPRESENTS
FENWTEAMEPEEUSA01,USA,REPRESENTS
FENWTEAMFOILCAN01,CAN,REPRESENTS
FENWTEAMFOILCHN01,CHN,REPRESENTS
FENWTEAMFOILEGY01,EGY,REPRESENTS
FENWTEAMFOILFRA01,FRA,REPRESENTS
FENWTEAMFOILITA01,ITA,REPRESENTS
FENWTEAMFOILJPN01,JPN,REPRESENTS
FENWTEAMFOILPOL01,POL,REPRESENTS
FENWTEAMFOILUSA01,USA,REPRESENTS
FENWTEAMSABRALG01,ALG,REPRESENTS
FENWTEAMSABRFRA01,FRA,REPRESENTS
FENWTEAMSABRHUN01,HUN,REPRESENTS
FENWTEAMSABRITA01,ITA,REPRESENTS
FENWTEAMSABRJPN01,JPN,REPRESENTS
FENWTEAMSABRKOR01,KOR,REPRESENTS
FENWTEAMSABRUKR01,UKR,REPRESENTS
FENWTEAMSABRUSA01,USA,REPRESENTS
GARMTEAM----CAN01,CAN,REPRESENTS
GARMTEAM----CHN01,CHN,REPRESENTS
GARMTEAM----ESP01,ESP,REPRESENTS
GARMTEAM----GBR01,GBR,REPRESENTS
GARMTEAM----GER01,GER,REPRESENTS
GARMTEAM----ITA01,ITA,REPRESENTS
GARMTEAM----JPN01,JPN,REPRESENTS
GARMTEAM----NED01,NED,REPRESENTS
GARMTEAM----SUI01,SUI,REPRESENTS
GARMTEAM----TUR01,TUR,REPRESENTS
GARMTEAM----UKR01,UKR,REPRESENTS
GARMTEAM----USA01,USA,REPRESENTS
GARWTEAM----AUS01,AUS,REPRESENTS
GARWTEAM----BRA01,BRA,REPRESENTS
GARWTEAM----CAN01,CAN,REPRESENTS
GARWTEAM----CHN01,CHN,REPRESENTS
GARWTEAM----FRA01,FRA,REPRESENTS
GARWTEAM----GBR01,GBR,REPRESENTS
GARWTEAM----ITA01,ITA,REPRESENTS
GARWTEAM----JPN01,JPN,REPRESENTS
GARWTEAM----KOR01,KOR,REPRESENTS
GARWTEAM----NED01,NED,REPRESENTS
GARWTEAM----ROU01,ROU,REPRESENTS
GARWTEAM----USA01,USA,REPRESENTS
GRYW5AA-----AUS01,AUS,REPRESENTS
GRYW5AA-----AZE01,AZE,REPRESENTS
GRYW5AA-----BRA01,BRA,REPRESENTS
GRYW5AA-----BUL01,BUL,REPRESENTS
GRYW5AA-----CHN01,CHN,REPRESENTS
GRYW5AA-----EGY01,EGY,REPRESENTS
GRYW5AA-----ESP01,ESP,REPRESENTS
GRYW5AA-----FRA01,FRA,REPRESENTS
GRYW5AA-----GER01,GER,REPRESENTS
GRYW5AA-----ISR01,ISR,REPRESENTS
GRYW5AA-----ITA01,ITA,REPRESENTS
GRYW5AA-----MEX01,MEX,REPRESENTS
GRYW5AA-----UKR01,UKR,REPRESENTS
GRYW5AA-----UZB01,UZB,REPRESENTS
HBLMTEAM7---ARG01,ARG,REPRESENTS
HBLMTEAM7---CRO01,CRO,REPRESENTS
HBLMTEAM7---DEN01,DEN,REPRESENTS
HBLMTEAM7---EGY01,EGY,REPRESENTS
HBLMTEAM7---ESP01,ESP,REPRESENTS
HBLMTEAM7---FRA01,FRA,REPRESENTS
HBLMTEAM7---GER01,GER,REPRESENTS
HBLMTEAM7---HUN01,HUN,REPRESENTS
HBLMTEAM7---JPN01,JPN,REPRESENTS
HBLMTEAM7---NOR01,NOR,REPRESENTS
HBLMTEAM7---SLO01,SLO,REPRESENTS
HBLMTEAM7---SWE01,SWE,REPRESENTS
HBLWTEAM7---ANG01,ANG,REPRESENTS
HBLWTEAM7---BRA01,BRA,REPRESENTS
HBLWTEAM7---DEN01,DEN,REPRESENTS
HBLWTEAM7---ESP01,ESP,REPRESENTS
HBLWTEAM7---FRA01,FRA,REPRESENTS
HBLWTEAM7---GER01,GER,REPRESENTS
HBLWTEAM7---HUN01,HUN,REPRESENTS
HBLWTEAM7---KOR01,KOR,REPRESENTS
HBLWTEAM7---NED01,NED,REPRESENTS
HBLWTEAM7---NOR01,NOR,REPRESENTS
HBLWTEAM7---SLO01,SLO,REPRESENTS
HBLWTEAM7---SWE01,SWE,REPRESENTS
HOCMTEAM11--ARG01,ARG,REPRESENTS
HOCMTEAM11--AUS01,AUS,REPRESENTS
HOCMTEAM11--BEL01,BEL,REPRESENTS
HOCMTEAM11--ESP01,ESP,REPRESENTS
HOCMTEAM11--FRA01,FRA,REPRESENTS
HOCMTEAM11--GBR01,GBR,REPRESENTS
HOCMTEAM11--GER01,GER,REPRESENTS
HOCMTEAM11--IND01,IND,REPRESENTS
HOCMTEAM11--IRL01,IRL,REPRESENTS
HOCMTEAM11--NED01,NED,REPRESENTS
HOCMTEAM11--NZL01,NZL,REPRESENTS
HOCMTEAM11--RSA01,RSA,REPRESENTS
HOCWTEAM11--ARG01,ARG,REPRESENTS
HOCWTEAM11--AUS01,AUS,REPRESENTS
HOCWTEAM11--BEL01,BEL,REPRESENTS
HOCWTEAM11--CHN01,CHN,REPRESENTS
HOCWTEAM11--ESP01,ESP,REPRESENTS
HOCWTEAM11--FRA01,FRA,REPRESENTS
HOCWTEAM11--GBR01,GBR,REPRESENTS
HOCWTEAM11--GER01,GER,REPRESENTS
HOCWTEAM11--JPN01,JPN,REPRESENTS
HOCWTEAM11--NED01,NED,REPRESENTS
HOCWTEAM11--RSA01,RSA,REPRESENTS
HOCWTEAM11--USA01,USA,REPRESENTS
JUDXTEAM6---AUT01,AUT,REPRESENTS
JUDXTEAM6---BRA01,BRA,REPRESENTS
JUDXTEAM6---CAN01,CAN,REPRESENTS
JUDXTEAM6---EOR01,EOR,REPRESENTS
JUDXTEAM6---ESP01,ESP,REPRESENTS
JUDXTEAM6---FRA01,FRA,REPRESENTS
JUDXTEAM6---GEO01,GEO,REPRESENTS
JUDXTEAM6---GER01,GER,REPRESENTS
JUDXTEAM6---HUN01,HUN,REPRESENTS
JUDXTEAM6---ISR01,ISR,REPRESENTS
JUDXTEAM6---ITA01,ITA,REPRESENTS
JUDXTEAM6---JPN01,JPN,REPRESENTS
JUDXTEAM6---KAZ01,KAZ,REPRESENTS
JUDXTEAM6---KOR01,KOR,REPRESENTS
JUDXTEAM6---MGL01,MGL,REPRESENTS
JUDXTEAM6---NED01,NED,REPRESENTS
JUDXTEAM6---SRB01,SRB,REPRESENTS
JUDXTEAM6---TUR01,TUR,REPRESENTS
JUDXTEAM6---UZB01,UZB,REPRESENTS
ROWMCOXED8--AUS01,AUS,REPRESENTS
ROWMCOXED8--GBR01,GBR,REPRESENTS
ROWMCOXED8--GER01,GER,REPRESENTS
ROWMCOXED8--ITA01,ITA,REPRESENTS
ROWMCOXED8--NED01,NED,REPRESENTS
ROWMCOXED8--ROU01,ROU,REPRESENTS
ROWMCOXED8--USA01,USA,REPRESENTS
ROWMNOCOX2--AUS01,AUS,REPRESENTS
ROWMNOCOX2--CRO01,CRO,REPRESENTS
ROWMNOCOX2--ESP01,ESP,REPRESENTS
ROWMNOCOX2--GBR01,GBR,REPRESENTS
ROWMNOCOX2--GER01,GER,REPRESENTS
ROWMNOCOX2--IRL01,IRL,REPRESENTS
ROWMNOCOX2--ITA01,ITA,REPRESENTS
ROWMNOCOX2--LTU01,LTU,REPRESENTS
ROWMNOCOX2--NZL01,NZL,REPRESENTS
ROWMNOCOX2--ROU01,ROU,REPRESENTS
ROWMNOCOX2--RSA01,RSA,REPRESENTS
ROWMNOCOX2--SUI01,SUI,REPRESENTS
ROWMNOCOX2--USA01,USA,REPRESENTS
ROWMNOCOX4--AUS01,AUS,REPRESENTS
ROWMNOCOX4--FRA01,FRA,REPRESENTS
ROWMNOCOX4--GBR01,GBR,REPRESENTS
ROWMNOCOX4--ITA01,ITA,REPRESENTS
ROWMNOCOX4--NED01,NED,REPRESENTS
ROWMNOCOX4--NZL01,NZL,REPRESENTS
ROWMNOCOX4--ROU01,ROU,REPRESENTS
ROWMNOCOX4--SUI01,SUI,REPRESENTS
ROWMNOCOX4--USA01,USA,REPRESENTS
ROWMSCULL2--CHN01,CHN,REPRESENTS
ROWMSCULL2--CRO01,CRO,REPRESENTS
ROWMSCULL2--ESP01,ESP,REPRESENTS
ROWMSCULL2--FRA01,FRA,REPRESENTS
ROWMSCULL2--GER01,GER,REPRESENTS
ROWMSCULL2--IRL01,IRL,REPRESENTS
ROWMSCULL2--ITA01,ITA,REPRESENTS
ROWMSCULL2--NED01,NED,REPRESENTS
ROWMSCULL2--NOR01,NOR,REPRESENTS
ROWMSCULL2--NZL01,NZL,REPRESENTS
ROWMSCULL2--ROU01,ROU,REPRESENTS
ROWMSCULL2--SRB01,SRB,REPRESENTS
ROWMSCULL2--USA01,USA,REPRESENTS
ROWMSCULL2-LARG01,ARG,REPRESENTS
ROWMSCULL2-LBEL01,BEL,REPRESENTS
ROWMSCULL2-LCHI01,CHI,REPRESENTS
ROWMSCULL2-LCZE01,CZE,REPRESENTS
ROWMSCULL2-LEGY01,EGY,REPRESENTS
ROWMSCULL2-LESP01,ESP,REPRESENTS
ROWMSCULL2-LFRA01,FRA,REPRESENTS
ROWMSCULL2-LGRE01,GRE,REPRESENTS
ROWMSCULL2-LIRL01,IRL,REPRESENTS
ROWMSCULL2-LITA01,ITA,REPRESENTS
ROWMSCULL2-LJPN01,JPN,REPRESENTS
ROWMSCULL2-LMEX01,MEX,REPRESENTS
ROWMSCULL2-LNOR01,NOR,REPRESENTS
ROWMSCULL2-LSUI01,SUI,REPRESENTS
ROWMSCULL2-LUKR01,UKR,REPRESENTS
ROWMSCULL2-LUZB01,UZB,REPRESENTS
ROWMSCULL4--EST01,EST,REPRESENTS
ROWMSCULL4--GBR01,GBR,REPRESENTS
ROWMSCULL4--GER01,GER,REPRESENTS
ROWMSCULL4--ITA01,ITA,REPRESENTS
ROWMSCULL4--NED01,NED,REPRESENTS
ROWMSCULL4--NOR01,NOR,REPRESENTS
ROWMSCULL4--POL01,POL,REPRESENTS
ROWMSCULL4--ROU01,ROU,REPRESENTS
ROWMSCULL4--SUI01,SUI,REPRESENTS
ROWWCOXED8--AUS01,AUS,REPRESENTS
ROWWCOXED8--CAN01,CAN,REPRESENTS
ROWWCOXED8--DEN01,DEN,REPRESENTS
ROWWCOXED8--GBR01,GBR,REPRESENTS
ROWWCOXED8--ITA01,ITA,REPRESENTS
ROWWCOXED8--ROU01,ROU,REPRESENTS
ROWWCOXED8--USA01,USA,REPRESENTS
ROWWNOCOX2--AUS01,AUS,REPRESENTS
ROWWNOCOX2--CHI01,CHI,REPRESENTS
ROWWNOCOX2--CZE01,CZE,REPRESENTS
ROWWNOCOX2--DEN01,DEN,REPRESENTS
ROWWNOCOX2--ESP01,ESP,REPRESENTS
ROWWNOCOX2--GBR01,GBR,REPRESENTS
ROWWNOCOX2--GRE01,GRE,REPRESENTS
ROWWNOCOX2--IRL01,IRL,REPRESENTS
ROWWNOCOX2--LTU01,LTU,REPRESENTS
ROWWNOCOX2--NED01,NED,REPRESENTS
ROWWNOCOX2--NZL01,NZL,REPRESENTS
ROWWNOCOX2--ROU01,ROU,REPRESENTS
ROWWNOCOX2--USA01,USA,REPRESENTS
ROWWNOCOX4--AUS01,AUS,REPRESENTS
ROWWNOCOX4--CHN01,CHN,REPRESENTS
ROWWNOCOX4--DEN01,DEN,REPRESENTS
ROWWNOCOX4--GBR01,GBR,REPRESENTS
ROWWNOCOX4--IRL01,IRL,REPRESENTS
ROWWNOCOX4--NED01,NED,REPRESENTS
ROWWNOCOX4--NZL01,NZL,REPRESENTS
ROWWNOCOX4--ROU01,ROU,REPRESENTS
ROWWNOCOX4--USA01,USA,REPRESENTS
ROWWSCULL2--AUS01,AUS,REPRESENTS
ROWWSCULL2--CHN01,CHN,REPRESENTS
ROWWSCULL2--CZE01,CZE,REPRESENTS
ROWWSCULL2--FRA01,FRA,REPRESENTS
ROWWSCULL2--GBR01,GBR,REPRESENTS
ROWWSCULL2--IRL01,IRL,REPRESENTS
ROWWSCULL2--ITA01,ITA,REPRESENTS
ROWWSCULL2--LTU01,LTU,REPRESENTS
ROWWSCULL2--NED01,NED,REPRESENTS
ROWWSCULL2--NOR01,NOR,REPRESENTS
ROWWSCULL2--NZL01,NZL,REPRESENTS
ROWWSCULL2--ROU01,ROU,REPRESENTS
ROWWSCULL2--USA01,USA,REPRESENTS
ROWWSCULL2-LARG01,ARG,REPRESENTS
ROWWSCULL2-LAUT01,AUT,REPRESENTS
ROWWSCULL2-LCAN01,CAN,REPRESENTS
ROWWSCULL2-LCHN01,CHN,REPRESENTS
ROWWSCULL2-LFRA01,FRA,REPRESENTS
ROWWSCULL2-LGBR01,GBR,REPRESENTS
ROWWSCULL2-LGRE01,GRE,REPRESENTS
ROWWSCULL2-LIRI01,IRI,REPRESENTS
ROWWSCULL2-LIRL01,IRL,REPRESENTS
ROWWSCULL2-LJPN01,JPN,REPRESENTS
ROWWSCULL2-LNZL01,NZL,REPRESENTS
ROWWSCULL2-LPER01,PER,REPRESENTS
ROWWSCULL2-LPOL01,POL,REPRESENTS
ROWWSCULL2-LROU01,ROU,REPRESENTS
ROWWSCULL2-LTUN01,TUN,REPRESENTS
ROWWSCULL2-LUSA01,USA,REPRESENTS
ROWWSCULL4--AUS01,AUS,REPRESENTS
ROWWSCULL4--CHN01,CHN,REPRESENTS
ROWWSCULL4--GBR01,GBR,REPRESENTS
ROWWSCULL4--GER01,GER,REPRESENTS
ROWWSCULL4--NED01,NED,REPRESENTS
ROWWSCULL4--ROU01,ROU,REPRESENTS
ROWWSCULL4--SUI01,SUI,REPRESENTS
ROWWSCULL4--UKR01,UKR,REPRESENTS
ROWWSCULL4--USA01,USA,REPRESENTS
RU7MTEAM7---ARG01,ARG,REPRESENTS
RU7MTEAM7---AUS01,AUS,REPRESENTS
RU7MTEAM7---FIJ01,FIJ,REPRESENTS
RU7MTEAM7---FRA01,FRA,REPRESENTS
RU7MTEAM7---IRL01,IRL,REPRESENTS
RU7MTEAM7---JPN01,JPN,REPRESENTS
RU7MTEAM7---KEN01,KEN,REPRESENTS
RU7MTEAM7---NZL01,NZL,REPRESENTS
RU7MTEAM7---RSA01,RSA,REPRESENTS
RU7MTEAM7---SAM01,SAM,REPRESENTS
RU7MTEAM7---URU01,URU,REPRESENTS
RU7MTEAM7---USA01,USA,REPRESENTS
RU7WTEAM7---AUS01,AUS,REPRESENTS
RU7WTEAM7---BRA01,BRA,REPRESENTS
RU7WTEAM7---CAN01,CAN,REPRESENTS
RU7WTEAM7---CHN01,CHN,REPRESENTS
RU7WTEAM7---FIJ01,FIJ,REPRESENTS
RU7WTEAM7---FRA01,FRA,REPRESENTS
RU7WTEAM7---GBR01,GBR,REPRESENTS
RU7WTEAM7---IRL01,IRL,REPRESENTS
RU7WTEAM7---JPN01,JPN,REPRESENTS
RU7WTEAM7---NZL01,NZL,REPRESENTS
RU7WTEAM7---RSA01,RSA,REPRESENTS
RU7WTEAM7---USA01,USA,REPRESENTS
SALM49ER----AUS01,AUS,REPRESENTS
SALM49ER----AUT01,AUT,REPRESENTS
SALM49ER----BEL01,BEL,REPRESENTS
SALM49ER----BRA01,BRA,REPRESENTS
SALM49ER----CAN01,CAN,REPRESENTS
SALM49ER----CHN01,CHN,REPRESENTS
SALM49ER----CRO01,CRO,REPRESENTS
SALM49ER----DEN01,DEN,REPRESENTS
SALM49ER----ESP01,ESP,REPRESENTS
SALM49ER----FRA01,FRA,REPRESENTS
SALM49ER----GBR01,GBR,REPRESENTS
SALM49ER----GER01,GER,REPRESENTS
SALM49ER----HKG01,HKG,REPRESENTS
SALM49ER----IRL01,IRL,REPRESENTS
SALM49ER----NED01,NED,REPRESENTS
SALM49ER----NZL01,NZL,REPRESENTS
SALM49ER----POL01,POL,REPRESENTS
SALM49ER----SUI01,SUI,REPRESENTS
SALM49ER----URU01,URU,REPRESENTS
SALM49ER----USA01,USA,REPRESENTS
SALW49ERFX--AUS01,AUS,REPRESENTS
SALW49ERFX--BEL01,BEL,REPRESENTS
SALW49ERFX--BRA01,BRA,REPRESENTS
SALW49ERFX--CAN01,CAN,REPRESENTS
SALW49ERFX--CHN01,CHN,REPRESENTS
SALW49ERFX--CZE01,CZE,REPRESENTS
SALW49ERFX--DEN01,DEN,REPRESENTS
SALW49ERFX--ESP01,ESP,REPRESENTS
SALW49ERFX--FIN01,FIN,REPRESENTS
SALW49ERFX--FRA01,FRA,REPRESENTS
SALW49ERFX--GBR01,GBR,REPRESENTS
SALW49ERFX--GER01,GER,REPRESENTS
SALW49ERFX--ITA01,ITA,REPRESENTS
SALW49ERFX--JPN01,JPN,REPRESENTS
SALW49ERFX--NED01,NED,REPRESENTS
SALW49ERFX--NOR01,NOR,REPRESENTS
SALW49ERFX--NZL01,NZL,REPRESENTS
SALW49ERFX--POL01,POL,REPRESENTS
SALW49ERFX--SWE01,SWE,REPRESENTS
SALW49ERFX--USA01,USA,REPRESENTS
SALX470-----ANG01,ANG,REPRESENTS
SALX470-----AUS01,AUS,REPRESENTS
SALX470-----AUT01,AUT,REPRESENTS
SALX470-----BRA01,BRA,REPRESENTS
SALX470-----CHN01,CHN,REPRESENTS
SALX470-----ESP01,ESP,REPRESENTS
SALX470-----FRA01,FRA,REPRESENTS
SALX470-----GBR01,GBR,REPRESENTS
SALX470-----GER01,GER,REPRESENTS
SALX470-----GRE01,GRE,REPRESENTS
SALX470-----ISR01,ISR,REPRESENTS
SALX470-----ITA01,ITA,REPRESENTS
SALX470-----JPN01,JPN,REPRESENTS
SALX470-----POR01,POR,REPRESENTS
SALX470-----SLO01,SLO,REPRESENTS
SALX470-----SUI01,SUI,REPRESENTS
SALX470-----SWE01,SWE,REPRESENTS
SALX470-----TUR01,TUR,REPRESENTS
SALX470-----USA01,USA,REPRESENTS
SALXNACRA17-ARG01,ARG,REPRESENTS
SALXNACRA17-AUS01,AUS,REPRESENTS
SALXNACRA17-AUT01,AUT,REPRESENTS
SALXNACRA17-BEL01,BEL,REPRESENTS
SALXNACRA17-BRA01,BRA,REPRESENTS
SALXNACRA17-CHN01,CHN,REPRESENTS
SALXNACRA17-DEN01,DEN,REPRESENTS
SALXNACRA17-ESP01,ESP,REPRESENTS
SALXNACRA17-FIN01,FIN,REPRESENTS
SALXNACRA17-FRA01,FRA,REPRESENTS
SALXNACRA17-GBR01,GBR,REPRESENTS
SALXNACRA17-GER01,GER,REPRESENTS
SALXNACRA17-ITA01,ITA,REPRESENTS
SALXNACRA17-JPN01,JPN,REPRESENTS
SALXNACRA17-NED01,NED,REPRESENTS
SALXNACRA17-NZL01,NZL,REPRESENTS
SALXNACRA17-SWE01,SWE,REPRESENTS
SALXNACRA17-TUR01,TUR,REPRESENTS
SALXNACRA17-USA01,USA,REPRESENTS
SHOXAPMT----BUL01,BUL,REPRESENTS
SHOXAPMT----CHN01,CHN,REPRESENTS
SHOXAPMT----CHN02,CHN,REPRESENTS
SHOXAPMT----FRA01,FRA,REPRESENTS
SHOXAPMT----GER01,GER,REPRESENTS
SHOXAPMT----GER02,GER,REPRESENTS
SHOXAPMT----IND01,IND,REPRESENTS
SHOXAPMT----IND02,IND,REPRESENTS
SHOXAPMT----KAZ01,KAZ,REPRESENTS
SHOXAPMT----KOR01,KOR,REPRESENTS
SHOXAPMT----KOR02,KOR,REPRESENTS
SHOXAPMT----LAT01,LAT,REPRESENTS
SHOXAPMT----PAK01,PAK,REPRESENTS
SHOXAPMT----SRB01,SRB,REPRESENTS
SHOXAPMT----TUR01,TUR,REPRESENTS
SHOXAPMT----TUR02,TUR,REPRESENTS
SHOXAPMT----UKR01,UKR,REPRESENTS
SHOXARMT----ALG01,ALG,REPRESENTS
SHOXARMT----ARG01,ARG,REPRESENTS
SHOXARMT----AUT01,AUT,REPRESENTS
SHOXARMT----CHN01,CHN,REPRESENTS
SHOXARMT----CHN02,CHN,REPRESENTS
SHOXARMT----CZE01,CZE,REPRESENTS
SHOXARMT----EGY01,EGY,REPRESENTS
SHOXARMT----EGY02,EGY,REPRESENTS
SHOXARMT----FRA01,FRA,REPRESENTS
SHOXARMT----FRA02,FRA,REPRESENTS
SHOXARMT----GBR01,GBR,REPRESENTS
SHOXARMT----GER01,GER,REPRESENTS
SHOXARMT----HUN01,HUN,REPRESENTS
SHOXARMT----IND01,IND,REPRESENTS
SHOXARMT----IND02,IND,REPRESENTS
SHOXARMT----ITA01,ITA,REPRESENTS
SHOXARMT----JPN01,JPN,REPRESENTS
SHOXARMT----KAZ01,KAZ,REPRESENTS
SHOXARMT----KAZ02,KAZ,REPRESENTS
SHOXARMT----KOR01,KOR,REPRESENTS
SHOXARMT----KOR02,KOR,REPRESENTS
SHOXARMT----MEX01,MEX,REPRESENTS
SHOXARMT----MGL01,MGL,REPRESENTS
SHOXARMT----NOR01,NOR,REPRESENTS
SHOXARMT----NOR02,NOR,REPRESENTS
SHOXARMT----POL01,POL,REPRESENTS
SHOXARMT----POL02,POL,REPRESENTS
SHOXARMT----USA01,USA,REPRESENTS
SHOXARMT----USA02,USA,REPRESENTS
SHOXSKMT----AUS01,AUS,REPRESENTS
SHOXSKMT----CHN01,CHN,REPRESENTS
SHOXSKMT----CZE01,CZE,REPRESENTS
SHOXSKMT----EGY01,EGY,REPRESENTS
SHOXSKMT----FRA01,FRA,REPRESENTS
SHOXSKMT----GER01,GER,REPRESENTS
SHOXSKMT----GRE01,GRE,REPRESENTS
SHOXSKMT----IND01,IND,REPRESENTS
SHOXSKMT----ITA01,ITA,REPRESENTS
SHOXSKMT----ITA02,ITA,REPRESENTS
SHOXSKMT----KAZ01,KAZ,REPRESENTS
SHOXSKMT----KOR01,KOR,REPRESENTS
SHOXSKMT----PER01,PER,REPRESENTS
SHOXSKMT----SWE01,SWE,REPRESENTS
SHOXSKMT----USA01,USA,REPRESENTS
SHOXSKMT----USA02,USA,REPRESENTS
SWAWTEAM2---AUS01,AUS,REPRESENTS
SWAWTEAM2---AUT01,AUT,REPRESENTS
SWAWTEAM2---CAN01,CAN,REPRESENTS
SWAWTEAM2---CHN01,CHN,REPRESENTS
SWAWTEAM2---EGY01,EGY,REPRESENTS
SWAWTEAM2---ESP01,ESP,REPRESENTS
SWAWTEAM2---FRA01,FRA,REPRESENTS
SWAWTEAM2---GBR01,GBR,REPRESENTS
SWAWTEAM2---GRE01,GRE,REPRESENTS
SWAWTEAM2---ISR01,ISR,REPRESENTS
SWAWTEAM2---ITA01,ITA,REPRESENTS
SWAWTEAM2---JPN01,JPN,REPRESENTS
SWAWTEAM2---KOR01,KOR,REPRESENTS
SWAWTEAM2---MEX01,MEX,REPRESENTS
SWAWTEAM2---NED01,NED,REPRESENTS
SWAWTEAM2---NZL01,NZL,REPRESENTS
SWAWTEAM2---UKR01,UKR,REPRESENTS
SWAWTEAM2---USA01,USA,REPRESENTS
SWAWTEAM8---AUS01,AUS,REPRESENTS
SWAWTEAM8---CAN01,CAN,REPRESENTS
SWAWTEAM8---CHN01,CHN,REPRESENTS
SWAWTEAM8---EGY01,EGY,REPRESENTS
SWAWTEAM8---ESP01,ESP,REPRESENTS
SWAWTEAM8---FRA01,FRA,REPRESENTS
SWAWTEAM8---ITA01,ITA,REPRESENTS
SWAWTEAM8---JPN01,JPN,REPRESENTS
SWAWTEAM8---MEX01,MEX,REPRESENTS
SWAWTEAM8---USA01,USA,REPRESENTS
SWMM4X100MFRAUS01,AUS,REPRESENTS
SWMM4X100MFRBRA01,BRA,REPRESENTS
SWMM4X100MFRCAN01,CAN,REPRESENTS
SWMM4X100MFRCHN01,CHN,REPRESENTS
SWMM4X100MFRESP01,ESP,REPRESENTS
SWMM4X100MFRFRA01,FRA,REPRESENTS
SWMM4X100MFRGBR01,GBR,REPRESENTS
SWMM4X100MFRGER01,GER,REPRESENTS
SWMM4X100MFRGRE01,GRE,REPRESENTS
SWMM4X100MFRHUN01,HUN,REPRESENTS
SWMM4X100MFRISR01,ISR,REPRESENTS
SWMM4X100MFRITA01,ITA,REPRESENTS
SWMM4X100MFRPOL01,POL,REPRESENTS
SWMM4X100MFRSRB01,SRB,REPRESENTS
SWMM4X100MFRSWE01,SWE,REPRESENTS
SWMM4X100MFRUSA01,USA,REPRESENTS
SWMM4X100MMDAUS01,AUS,REPRESENTS
SWMM4X100MMDAUT01,AUT,REPRESENTS
SWMM4X100MMDCAN01,CAN,REPRESENTS
SWMM4X100MMDCHN01,CHN,REPRESENTS
SWMM4X100MMDESP01,ESP,REPRESENTS
SWMM4X100MMDFRA01,FRA,REPRESENTS
SWMM4X100MMDGBR01,GBR,REPRESENTS
SWMM4X100MMDGER01,GER,REPRESENTS
SWMM4X100MMDIRL01,IRL,REPRESENTS
SWMM4X100MMDITA01,ITA,REPRESENTS
SWMM4X100MMDJPN01,JPN,REPRESENTS
SWMM4X100MMDKOR01,KOR,REPRESENTS
SWMM4X100MMDNED01,NED,REPRESENTS
SWMM4X100MMDPOL01,POL,REPRESENTS
SWMM4X100MMDSUI01,SUI,REPRESENTS
SWMM4X100MMDUSA01,USA,REPRESENTS
SWMM4X200MFRAUS01,AUS,REPRESENTS
SWMM4X200MFRBRA01,BRA,REPRESENTS
SWMM4X200MFRCAN01,CAN,REPRESENTS
SWMM4X200MFRCHN01,CHN,REPRESENTS
SWMM4X200MFRESP01,ESP,REPRESENTS
SWMM4X200MFRFRA01,FRA,REPRESENTS
SWMM4X200MFRGBR01,GBR,REPRESENTS
SWMM4X200MFRGER01,GER,REPRESENTS
SWMM4X200MFRGRE01,GRE,REPRESENTS
SWMM4X200MFRISR01,ISR,REPRESENTS
SWMM4X200MFRITA01,ITA,REPRESENTS
SWMM4X200MFRJPN01,JPN,REPRESENTS
SWMM4X200MFRKOR01,KOR,REPRESENTS
SWMM4X200MFRLTU01,LTU,REPRESENTS
SWMM4X200MFRSUI01,SUI,REPRESENTS
SWMM4X200MFRUSA01,USA,REPRESENTS
SWMW4X100MFRAUS01,AUS,REPRESENTS
SWMW4X100MFRBRA01,BRA,REPRESENTS
SWMW4X100MFRCAN01,CAN,REPRESENTS
SWMW4X100MFRCHN01,CHN,REPRESENTS
SWMW4X100MFRDEN01,DEN,REPRESENTS
SWMW4X100MFRFRA01,FRA,REPRESENTS
SWMW4X100MFRGBR01,GBR,REPRESENTS
SWMW4X100MFRHKG01,HKG,REPRESENTS
SWMW4X100MFRHUN01,HUN,REPRESENTS
SWMW4X100MFRIRL01,IRL,REPRESENTS
SWMW4X100MFRITA01,ITA,REPRESENTS
SWMW4X100MFRNED01,NED,REPRESENTS
SWMW4X100MFRPOL01,POL,REPRESENTS
SWMW4X100MFRSLO01,SLO,REPRESENTS
SWMW4X100MFRSWE01,SWE,REPRESENTS
SWMW4X100MFRUSA01,USA,REPRESENTS
SWMW4X100MMDAUS01,AUS,REPRESENTS
SWMW4X100MMDCAN01,CAN,REPRESENTS
SWMW4X100MMDCHN01,CHN,REPRESENTS
SWMW4X100MMDDEN01,DEN,REPRESENTS
SWMW4X100MMDFRA01,FRA,REPRESENTS
SWMW4X100MMDGBR01,GBR,REPRESENTS
SWMW4X100MMDGER01,GER,REPRESENTS
SWMW4X100MMDHKG01,HKG,REPRESENTS
SWMW4X100MMDIRL01,IRL,REPRESENTS
SWMW4X100MMDITA01,ITA,REPRESENTS
SWMW4X100MMDJPN01,JPN,REPRESENTS
SWMW4X100MMDNED01,NED,REPRESENTS
SWMW4X100MMDPOL01,POL,REPRESENTS
SWMW4X100MMDSGP01,SGP,REPRESENTS
SWMW4X100MMDSWE01,SWE,REPRESENTS
SWMW4X100MMDUSA01,USA,REPRESENTS
SWMW4X200MFRAUS01,AUS,REPRESENTS
SWMW4X200MFRBRA01,BRA,REPRESENTS
SWMW4X200MFRCAN01,CAN,REPRESENTS
SWMW4X200MFRCHN01,CHN,REPRESENTS
SWMW4X200MFRESP01,ESP,REPRESENTS
SWMW4X200MFRFRA01,FRA,REPRESENTS
SWMW4X200MFRGBR01,GBR,REPRESENTS
SWMW4X200MFRGER01,GER,REPRESENTS
SWMW4X200MFRHUN01,HUN,REPRESENTS
SWMW4X200MFRISR01,ISR,REPRESENTS
SWMW4X200MFRITA01,ITA,REPRESENTS
SWMW4X200MFRJPN01,JPN,REPRESENTS
SWMW4X200MFRNED01,NED,REPRESENTS
SWMW4X200MFRNZL01,NZL,REPRESENTS
SWMW4X200MFRTUR01,TUR,REPRESENTS
SWMW4X200MFRUSA01,USA,REPRESENTS
SWMX4X100MMDAUS01,AUS,REPRESENTS
SWMX4X100MMDBRA01,BRA,REPRESENTS
SWMX4X100MMDCAN01,CAN,REPRESENTS
SWMX4X100MMDCHN01,CHN,REPRESENTS
SWMX4X100MMDFRA01,FRA,REPRESENTS
SWMX4X100MMDGBR01,GBR,REPRESENTS
SWMX4X100MMDGER01,GER,REPRESENTS
SWMX4X100MMDGRE01,GRE,REPRESENTS
SWMX4X100MMDISR01,ISR,REPRESENTS
SWMX4X100MMDITA01,ITA,REPRESENTS
SWMX4X100MMDJPN01,JPN,REPRESENTS
SWMX4X100MMDKOR01,KOR,REPRESENTS
SWMX4X100MMDNED01,NED,REPRESENTS
SWMX4X100MMDPOL01,POL,REPRESENTS
SWMX4X100MMDSWE01,SWE,REPRESENTS
SWMX4X100MMDUSA01,USA,REPRESENTS
T000180168080,USA,REPRESENTS
T002027129113,FRA,REPRESENTS
T005088118027,CHN,REPRESENTS
T005092223144,AUS,REPRESENTS
T005105061005,NED,REPRESENTS
T005106100046,CHN,REPRESENTS
T006235228185,AUS,REPRESENTS
T007165029113,USA,REPRESENTS
T009051173051,USA,REPRESENTS
T009172220247,AUS,REPRESENTS
T010112120160,USA,REPRESENTS
T010239039210,AUS,REPRESENTS
T011230232205,AUS,REPRESENTS
T012092132149,CHN,REPRESENTS
T012123222150,USA,REPRESENTS
T013046016056,USA,REPRESENTS
T015155079200,RSA,REPRESENTS
T015237038062,CHN,REPRESENTS
T017210105197,POL,REPRESENTS
T018050143120,KOR,REPRESENTS
T018078205011,USA,REPRESENTS
T021139183156,CHN,REPRESENTS
T021182047086,ITA,REPRESENTS
T021189149154,HUN,REPRESENTS
T026007161153,CHN,REPRESENTS
T027065149125,CHN,REPRESENTS
T027137076094,RUS,REPRESENTS
T028003209106,ISR,REPRESENTS
T029092105234,NZL,REPRESENTS
T031089020226,AUT,REPRESENTS
T031187113126,GBR,REPRESENTS
T032180102004,HUN,REPRESENTS
T032230089255,RSA,REPRESENTS
T032254243215,AUS,REPRESENTS
T033016104132,USA,REPRESENTS
T034172017177,AUS,REPRESENTS
T036058255160,ITA,REPRESENTS
T036184251139,CAN,REPRESENTS
T037217050165,GBR,REPRESENTS
T038182198132,NED,REPRESENTS
T040023042051,AUS,REPRESENTS
T040026171031,CHN,REPRESENTS
T040052215176,NED,REPRESENTS
T040141230067,IRL,REPRESENTS
T041030033135,AUS,REPRESENTS
T043219044070,KOR,REPRESENTS
T044178085196,AUS,REPRESENTS
T047173034031,KOR,REPRESENTS
T048127108097,AUS,REPRESENTS
T048252009004,GBR,REPRESENTS
T049177232236,NZL,REPRESENTS
T050018234251,ITA,REPRESENTS
T050113048223,GBR,REPRESENTS
T051001088214,RSA,REPRESENTS
T051044143211,AUS,REPRESENTS
T051068010116,NZL,REPRESENTS
T052000234216,CHN,REPRESENTS
T052132148157,ROU,REPRESENTS
T053127170146,USA,REPRESENTS
T054085034000,AUS,REPRESENTS
T054095068175,USA,REPRESENTS
T055237149192,CHN,REPRESENTS
T056152082134,GBR,REPRESENTS
T056184065059,AUS,REPRESENTS
T056243084219,USA,REPRESENTS
T057153235207,USA,REPRESENTS
T059049008124,USA,REPRESENTS
T061066235178,AUS,REPRESENTS
T061189189233,GER,REPRESENTS
T061199228210,USA,REPRESENTS
T062099173126,USA,REPRESENTS
T063034253052,ROU,REPRESENTS
T069195059111,USA,REPRESENTS
T070176182065,AUS,REPRESENTS
T070224246047,USA,REPRESENTS
T072239007015,AUS,REPRESENTS
T073161009048,GER,REPRESENTS
T073212219121,CHN,REPRESENTS
T074215096235,RSA,REPRESENTS
T075047206000,ITA,REPRESENTS
T075068011152,CAN,REPRESENTS
T076077236018,CHN,REPRESENTS
T077028246213,CAN,REPRESENTS
T077146100097,AUS,REPRESENTS
T079248110012,ITA,REPRESENTS
T080064149056,GBR,REPRESENTS
T080216244244,USA,REPRESENTS
T082101210032,AUS,REPRESENTS
T083202023196,AUS,REPRESENTS
T083223008017,GDR,REPRESENTS
T083238094200,USA,REPRESENTS
T084165231039,CHN,REPRESENTS
T085109095203,AUS,REPRESENTS
T085178047216,CHN,REPRESENTS
T086166153118,USA,REPRESENTS
T086254156090,ESP,REPRESENTS
T087049051255,USA,REPRESENTS
T087095040064,HUN,REPRESENTS
T088121127206,AUS,REPRESENTS
T091046074070,GBR,REPRESENTS
T091074019200,AUS,REPRESENTS
T091147023065,NED,REPRESENTS
T093018155227,ESP,REPRESENTS
T094207118201,AUS,REPRESENTS
T094231202250,USA,REPRESENTS
T095071193182,HUN,REPRESENTS
T096245183145,USA,REPRESENTS
T097024201207,USA,REPRESENTS
T097190080234,AUS,REPRESENTS
T097198068021,USA,REPRESENTS
T099012198163,FRA,REPRESENTS
T101139061230,GER,REPRESENTS
T103009064164,SRB,REPRESENTS
T103220134006,HUN,REPRESENTS
T103223108185,IND,REPRESENTS
T104147084217,EUN,REPRESENTS
T105004201136,GER,REPRESENTS
T107073074055,CHN,REPRESENTS
T107081146202,GBR,REPRESENTS
T107144046005,AUS,REPRESENTS
T108070151074,ITA,REPRESENTS
T108160233061,USA,REPRESENTS
T108161120062,AUS,REPRESENTS
T109237041237,GBR,REPRESENTS
T110180116243,GBR,REPRESENTS
T112130234068,AUS,REPRESENTS
T112173189178,GBR,REPRESENTS
T114143077091,SWE,REPRESENTS
T117044066011,NED,REPRESENTS
T117235076051,CHN,REPRESENTS
T119034156000,USA,REPRESENTS
T120121050150,USA,REPRESENTS
T121068205168,ITA,REPRESENTS
T123093085163,CHN,REPRESENTS
T124043035021,USA,REPRESENTS
T126209096140,GBR,REPRESENTS
T127073218087,AUS,REPRESENTS
T127075108220,RSA,REPRESENTS
T127127130200,AUS,REPRESENTS
T128043238071,USA,REPRESENTS
T129222111254,USA,REPRESENTS
T132114009227,KOR,REPRESENTS
T133048054128,USA,REPRESENTS
T134130092240,CHN,REPRESENTS
T134149068080,NED,REPRESENTS
T135067238066,CHN,REPRESENTS
T135144033254,CHN,REPRESENTS
T136207100235,GER,REPRESENTS
T136232070138,CHN,REPRESENTS
T137153163006,AUS,REPRESENTS
T138230063185,USA,REPRESENTS
T139082206031,CHN,REPRESENTS
T140007067165,AUS,REPRESENTS
T140176027011,CHN,REPRESENTS
T141135060156,GER,REPRESENTS
T143157012191,NZL,REPRESENTS
T144159001066,AUS,REPRESENTS
T144224053168,USA,REPRESENTS
T144247061115,CAN,REPRESENTS
T145195042022,AUS,REPRESENTS
T146196227215,USA,REPRESENTS
T146250208081,AUS,REPRESENTS
T147031123022,GRE,REPRESENTS
T147237182130,USA,REPRESENTS
T150192020010,RUS,REPRESENTS
T150208041031,USA,REPRESENTS
T151104038079,CHN,REPRESENTS
T151165203059,AUS,REPRESENTS
T151248169221,CHN,REPRESENTS
T152007104101,USA,REPRESENTS
T152072158000,USA,REPRESENTS
T153072139060,CHN,REPRESENTS
T154252007135,USA,REPRESENTS
T155251247033,USA,REPRESENTS
T156038232203,BRA,REPRESENTS
T156096141213,AUS,REPRESENTS
T157141039174,USA,REPRESENTS
T159071241179,NZL,REPRESENTS
T159085242241,GBR,REPRESENTS
T159093137068,KOR,REPRESENTS
T159170064046,USA,REPRESENTS
T160155181193,ITA,REPRESENTS
T160254050136,USA,REPRESENTS
T161191071133,CHN,REPRESENTS
T162219254220,AUS,REPRESENTS
T163062069251,USA,REPRESENTS
T163072084245,ISR,REPRESENTS
T163127098077,POL,REPRESENTS
T164107208177,USA,REPRESENTS
T164131189204,CHN,REPRESENTS
T164201023192,AUS,REPRESENTS
T164227030087,POL,REPRESENTS
T165150246048,FRA,REPRESENTS
T165219065158,GDR,REPRESENTS
T165230053108,AUS,REPRESENTS
T165255017046,AUS,REPRESENTS
T170011107055,ITA,REPRESENTS
T170120112068,AUS,REPRESENTS
T170150126026,IRL,REPRESENTS
T172050237073,CHN,REPRESENTS
T173034009013,FRG,REPRESENTS
T175179048136,USA,REPRESENTS
T176081239160,USA,REPRESENTS
T176093139168,AUS,REPRESENTS
T176106184236,CHN,REPRESENTS
T176208225219,USA,REPRESENTS
T176255250242,GBR,REPRESENTS
T177095146045,NZL,REPRESENTS
T177099104150,USA,REPRESENTS
T177131070058,GBR,REPRESENTS
T177162067254,AUS,REPRESENTS
T177215118232,CHN,REPRESENTS
T178131014059,AUS,REPRESENTS
T179016191120,AUS,REPRESENTS
T179170112181,NZL,REPRESENTS
T180005075132,AUS,REPRESENTS
T180082238036,AUS,REPRESENTS
T181050155106,CHN,REPRESENTS
T182013107120,AUS,REPRESENTS
T182159012196,ROU,REPRESENTS
T183042211129,NED,REPRESENTS
T183209174099,USA,REPRESENTS
T184186134220,GBR,REPRESENTS
T185128006082,USA,REPRESENTS
T185180078216,USA,REPRESENTS
T186035252019,USA,REPRESENTS
T186102254129,ITA,REPRESENTS
T186119241049,NZL,REPRESENTS
T187154083112,USA,REPRESENTS
T188255247159,USA,REPRESENTS
T189119064069,USA,REPRESENTS
T190092002110,DEN,REPRESENTS
T190186209138,GBR,REPRESENTS
T191201107174,GBR,REPRESENTS
T193026024173,GBR,REPRESENTS
T196095020070,LTU,REPRESENTS
T196196115151,CHN,REPRESENTS
T197028067226,KOR,REPRESENTS
T197064043186,FRA,REPRESENTS
T197121211099,GBR,REPRESENTS
T197192199178,AUS,REPRESENTS
T200208094172,USA,REPRESENTS
T204026223054,USA,REPRESENTS
T204027239107,RSA,REPRESENTS
T204216145015,USA,REPRESENTS
T207042251035,CHN,REPRESENTS
T210060000005,USA,REPRESENTS
T210070222027,RSA,REPRESENTS
T211255218208,CHN,REPRESENTS
T212055046088,AUS,REPRESENTS
T215142183070,RUS,REPRESENTS
T216012230223,CHN,REPRESENTS
T216014106137,RSA,REPRESENTS
T216092071169,USA,REPRESENTS
T217136143024,NED,REPRESENTS
T217151129191,AUS,REPRESENTS
T217177120018,USA,REPRESENTS
T218022032195,RUS,REPRESENTS
T218038013073,NED,REPRESENTS
T218120199207,KOR,REPRESENTS
T218141014095,CAN,REPRESENTS
T220064210078,CAN,REPRESENTS
T221144098126,USA,REPRESENTS
T221255160105,USA,REPRESENTS
T222244021165,CHN,REPRESENTS
T223096066167,USA,REPRESENTS
T224085015032,AUS,REPRESENTS
T225095247005,USA,REPRESENTS
T226131186151,AUS,REPRESENTS
T226159240093,CHN,REPRESENTS
T226192081090,IND,REPRESENTS
T227166195031,USA,REPRESENTS
T227227075171,CHN,REPRESENTS
T228006119010,USA,REPRESENTS
T228010157078,AUS,REPRESENTS
T228211081171,GER,REPRESENTS
T229196244224,IND,REPRESENTS
T231142178065,USA,REPRESENTS
T231254107028,CHN,REPRESENTS
T232052083063,USA,REPRESENTS
T234067164063,USA,REPRESENTS
T235250241164,CRO,REPRESENTS
T236149232187,USA,REPRESENTS
T237004209070,RUS,REPRESENTS
T239108182176,NED,REPRESENTS
T239136002118,POL,REPRESENTS
T240145002027,KOR,REPRESENTS
T240229054098,AUS,REPRESENTS
T241054177157,USA,REPRESENTS
T241090199113,KOR,REPRESENTS
T241211162236,ITA,REPRESENTS
T241222252249,GBR,REPRESENTS
T242000170096,CHN,REPRESENTS
T242075099067,GBR,REPRESENTS
T242254057065,ITA,REPRESENTS
T243053252043,ITA,REPRESENTS
T243153023105,USA,REPRESENTS
T243187227111,AUS,REPRESENTS
T244008189081,SRB,REPRESENTS
T244157063110,USA,REPRESENTS
T245049147179,USA,REPRESENTS
T245225170159,ITA,REPRESENTS
T245241122029,USA,REPRESENTS
T246010078220,USA,REPRESENTS
T246128120147,KUW,REPRESENTS
T246191162159,NZL,REPRESENTS
T246209147071,IND,REPRESENTS
T246234046059,USA,REPRESENTS
T247150124139,USA,REPRESENTS
T249015074213,GBR,REPRESENTS
T249049140097,CHN,REPRESENTS
T249066122070,USA,REPRESENTS
T251084043155,USA,REPRESENTS
T251234141132,USA,REPRESENTS
T251237025181,CHN,REPRESENTS
T253093211118,RUS,REPRESENTS
T254025182131,GER,REPRESENTS
T254078068205,USA,REPRESENTS
T255047189153,USA,REPRESENTS
T80212896,GBR,REPRESENTS
T80214279,AUS,REPRESENTS
T80214289,NGR,REPRESENTS
T80214643,USA,REPRESENTS
T80229963,GDR,REPRESENTS
T80296594,URS,REPRESENTS
T80297652,CHN,REPRESENTS
T80297690,CHN,REPRESENTS
T80381188,BRA,REPRESENTS
T80394592,AUS,REPRESENTS
T80394594,AUS,REPRESENTS
T80398204,USA,REPRESENTS
T80517879,USA,REPRESENTS
T80589681,USA,REPRESENTS
T81855168,BRA,REPRESENTS
T82808046,AUS,REPRESENTS
T82808159,USA,REPRESENTS
T82810068,JAM,REPRESENTS
T83931365,BRA,REPRESENTS
T88414807,USA,REPRESENTS
T91040376,BRN,REPRESENTS
T91047112,RSA,REPRESENTS
T91048122,GBR,REPRESENTS
T91048123,JPN,REPRESENTS
T91048124,BRA,REPRESENTS
T92656676,AUS,REPRESENTS
T92835504,POL,REPRESENTS
T92851915,BOT,REPRESENTS
T92886354,RSA,REPRESENTS
T94166163,USA,REPRESENTS
T94172565,JAM,REPRESENTS
T96104270,USA,REPRESENTS
T96112474,CIV,REPRESENTS
T96113713,IND,REPRESENTS
T97087390,COL,REPRESENTS
T97199356,AUS,REPRESENTS
T97446556,KEN,REPRESENTS
TENMDOUBLES-AIN01,AIN,REPRESENTS
TENMDOUBLES-ARG01,ARG,REPRESENTS
TENMDOUBLES-ARG02,ARG,REPRESENTS
TENMDOUBLES-AUS01,AUS,REPRESENTS
TENMDOUBLES-AUS02,AUS,REPRESENTS
TENMDOUBLES-BEL01,BEL,REPRESENTS
TENMDOUBLES-BRA01,BRA,REPRESENTS
TENMDOUBLES-CAN01,CAN,REPRESENTS
TENMDOUBLES-CHI01,CHI,REPRESENTS
TENMDOUBLES-CRO01,CRO,REPRESENTS
TENMDOUBLES-CZE01,CZE,REPRESENTS
TENMDOUBLES-ESP01,ESP,REPRESENTS
TENMDOUBLES-ESP02,ESP,REPRESENTS
TENMDOUBLES-FRA01,FRA,REPRESENTS
TENMDOUBLES-FRA02,FRA,REPRESENTS
TENMDOUBLES-GBR01,GBR,REPRESENTS
TENMDOUBLES-GBR02,GBR,REPRESENTS
TENMDOUBLES-GER01,GER,REPRESENTS
TENMDOUBLES-GER02,GER,REPRESENTS
TENMDOUBLES-GRE01,GRE,REPRESENTS
TENMDOUBLES-HUN01,HUN,REPRESENTS
TENMDOUBLES-IND01,IND,REPRESENTS
TENMDOUBLES-ITA01,ITA,REPRESENTS
TENMDOUBLES-ITA02,ITA,REPRESENTS
TENMDOUBLES-JPN01,JPN,REPRESENTS
TENMDOUBLES-KAZ01,KAZ,REPRESENTS
TENMDOUBLES-LBN01,LBN,REPRESENTS
TENMDOUBLES-NED01,NED,REPRESENTS
TENMDOUBLES-NED02,NED,REPRESENTS
TENMDOUBLES-POL01,POL,REPRESENTS
TENMDOUBLES-POR01,POR,REPRESENTS
TENMDOUBLES-USA01,USA,REPRESENTS
TENMDOUBLES-USA02,USA,REPRESENTS
TENWDOUBLES-AIN01,AIN,REPRESENTS
TENWDOUBLES-AIN02,AIN,REPRESENTS
TENWDOUBLES-ARG01,ARG,REPRESENTS
TENWDOUBLES-AUS01,AUS,REPRESENTS
TENWDOUBLES-AUS02,AUS,REPRESENTS
TENWDOUBLES-BRA01,BRA,REPRESENTS
TENWDOUBLES-CAN01,CAN,REPRESENTS
TENWDOUBLES-CHN01,CHN,REPRESENTS
TENWDOUBLES-CHN02,CHN,REPRESENTS
TENWDOUBLES-CZE01,CZE,REPRESENTS
TENWDOUBLES-CZE02,CZE,REPRESENTS
TENWDOUBLES-ESP01,ESP,REPRESENTS
TENWDOUBLES-FRA01,FRA,REPRESENTS
TENWDOUBLES-FRA02,FRA,REPRESENTS
TENWDOUBLES-GBR01,GBR,REPRESENTS
TENWDOUBLES-GER01,GER,REPRESENTS
TENWDOUBLES-GER02,GER,REPRESENTS
TENWDOUBLES-GRE01,GRE,REPRESENTS
TENWDOUBLES-ITA01,ITA,REPRESENTS
TENWDOUBLES-ITA02,ITA,REPRESENTS
TENWDOUBLES-JPN01,JPN,REPRESENTS
TENWDOUBLES-NED01,NED,REPRESENTS
TENWDOUBLES-NZL01,NZL,REPRESENTS
TENWDOUBLES-POL01,POL,REPRESENTS
TENWDOUBLES-ROU01,ROU,REPRESENTS
TENWDOUBLES-ROU02,ROU,REPRESENTS
TENWDOUBLES-TPE01,TPE,REPRESENTS
TENWDOUBLES-TPE02,TPE,REPRESENTS
TENWDOUBLES-UKR01,UKR,REPRESENTS
TENWDOUBLES-UKR02,UKR,REPRESENTS
TENWDOUBLES-USA01,USA,REPRESENTS
TENWDOUBLES-USA02,USA,REPRESENTS
TENXDOUBLES-AIN01,AIN,REPRESENTS
TENXDOUBLES-ARG01,ARG,REPRESENTS
TENXDOUBLES-AUS01,AUS,REPRESENTS
TENXDOUBLES-BRA01,BRA,REPRESENTS
TENXDOUBLES-CAN01,CAN,REPRESENTS
TENXDOUBLES-CHN01,CHN,REPRESENTS
TENXDOUBLES-CRO01,CRO,REPRESENTS
TENXDOUBLES-CZE01,CZE,REPRESENTS
TENXDOUBLES-DEN01,DEN,REPRESENTS
TENXDOUBLES-ESP01,ESP,REPRESENTS
TENXDOUBLES-FRA01,FRA,REPRESENTS
TENXDOUBLES-GBR01,GBR,REPRESENTS
TENXDOUBLES-GER01,GER,REPRESENTS
TENXDOUBLES-GRE01,GRE,REPRESENTS
TENXDOUBLES-ITA01,ITA,REPRESENTS
TENXDOUBLES-JPN01,JPN,REPRESENTS
TENXDOUBLES-NED01,NED,REPRESENTS
TENXDOUBLES-SUI01,SUI,REPRESENTS
TENXDOUBLES-USA01,USA,REPRESENTS
TRIXTEAM4---AUS01,AUS,REPRESENTS
TRIXTEAM4---AUT01,AUT,REPRESENTS
TRIXTEAM4---BEL01,BEL,REPRESENTS
TRIXTEAM4---BRA01,BRA,REPRESENTS
TRIXTEAM4---ESP01,ESP,REPRESENTS
TRIXTEAM4---FRA01,FRA,REPRESENTS
TRIXTEAM4---GBR01,GBR,REPRESENTS
TRIXTEAM4---GER01,GER,REPRESENTS
TRIXTEAM4---ITA01,ITA,REPRESENTS
TRIXTEAM4---MEX01,MEX,REPRESENTS
TRIXTEAM4---NED01,NED,REPRESENTS
TRIXTEAM4---NOR01,NOR,REPRESENTS
TRIXTEAM4---NZL01,NZL,REPRESENTS
TRIXTEAM4---POR01,POR,REPRESENTS
TRIXTEAM4---SUI01,SUI,REPRESENTS
TRIXTEAM4---USA01,USA,REPRESENTS
TTEMTEAM----AUS01,AUS,REPRESENTS
TTEMTEAM----BRA01,BRA,REPRESENTS
TTEMTEAM----CAN01,CAN,REPRESENTS
TTEMTEAM----CHN01,CHN,REPRESENTS
TTEMTEAM----CRO01,CRO,REPRESENTS
TTEMTEAM----DEN01,DEN,REPRESENTS
TTEMTEAM----EGY01,EGY,REPRESENTS
TTEMTEAM----FRA01,FRA,REPRESENTS
TTEMTEAM----GER01,GER,REPRESENTS
TTEMTEAM----IND01,IND,REPRESENTS
TTEMTEAM----JPN01,JPN,REPRESENTS
TTEMTEAM----KOR01,KOR,REPRESENTS
TTEMTEAM----POR01,POR,REPRESENTS
TTEMTEAM----SLO01,SLO,REPRESENTS
TTEMTEAM----SWE01,SWE,REPRESENTS
TTEMTEAM----TPE01,TPE,REPRESENTS
TTEWTEAM----AUS01,AUS,REPRESENTS
TTEWTEAM----BRA01,BRA,REPRESENTS
TTEWTEAM----CHN01,CHN,REPRESENTS
TTEWTEAM----EGY01,EGY,REPRESENTS
TTEWTEAM----FRA01,FRA,REPRESENTS
TTEWTEAM----GER01,GER,REPRESENTS
TTEWTEAM----HKG01,HKG,REPRESENTS
TTEWTEAM----IND01,IND,REPRESENTS
TTEWTEAM----JPN01,JPN,REPRESENTS
TTEWTEAM----KOR01,KOR,REPRESENTS
TTEWTEAM----POL01,POL,REPRESENTS
TTEWTEAM----ROU01,ROU,REPRESENTS
TTEWTEAM----SWE01,SWE,REPRESENTS
TTEWTEAM----THA01,THA,REPRESENTS
TTEWTEAM----TPE01,TPE,REPRESENTS
TTEWTEAM----USA01,USA,REPRESENTS
TTEXDOUBLES-AUS01,AUS,REPRESENTS
TTEXDOUBLES-BRA01,BRA,REPRESENTS
TTEXDOUBLES-CHN01,CHN,REPRESENTS
TTEXDOUBLES-CUB01,CUB,REPRESENTS
TTEXDOUBLES-EGY01,EGY,REPRESENTS
TTEXDOUBLES-ESP01,ESP,REPRESENTS
TTEXDOUBLES-FRA01,FRA,REPRESENTS
TTEXDOUBLES-GER01,GER,REPRESENTS
TTEXDOUBLES-HKG01,HKG,REPRESENTS
TTEXDOUBLES-HUN01,HUN,REPRESENTS
TTEXDOUBLES-JPN01,JPN,REPRESENTS
TTEXDOUBLES-KOR01,KOR,REPRESENTS
TTEXDOUBLES-PRK01,PRK,REPRESENTS
TTEXDOUBLES-ROU01,ROU,REPRESENTS
TTEXDOUBLES-SWE01,SWE,REPRESENTS
TTEXDOUBLES-TPE01,TPE,REPRESENTS
VBVMTEAM2---AUS01,AUS,REPRESENTS
VBVMTEAM2---AUS02,AUS,REPRESENTS
VBVMTEAM2---AUT01,AUT,REPRESENTS
VBVMTEAM2---BRA01,BRA,REPRESENTS
VBVMTEAM2---BRA02,BRA,REPRESENTS
VBVMTEAM2---CAN01,CAN,REPRESENTS
VBVMTEAM2---CHI01,CHI,REPRESENTS
VBVMTEAM2---CUB01,CUB,REPRESENTS
VBVMTEAM2---CZE01,CZE,REPRESENTS
VBVMTEAM2---ESP01,ESP,REPRESENTS
VBVMTEAM2---FRA01,FRA,REPRESENTS
VBVMTEAM2---FRA02,FRA,REPRESENTS
VBVMTEAM2---GER01,GER,REPRESENTS
VBVMTEAM2---ITA01,ITA,REPRESENTS
VBVMTEAM2---ITA02,ITA,REPRESENTS
VBVMTEAM2---MAR01,MAR,REPRESENTS
VBVMTEAM2---NED01,NED,REPRESENTS
VBVMTEAM2---NED02,NED,REPRESENTS
VBVMTEAM2---NOR01,NOR,REPRESENTS
VBVMTEAM2---POL01,POL,REPRESENTS
VBVMTEAM2---QAT01,QAT,REPRESENTS
VBVMTEAM2---SWE01,SWE,REPRESENTS
VBVMTEAM2---USA01,USA,REPRESENTS
VBVMTEAM2---USA02,USA,REPRESENTS
VBVWTEAM2---AUS01,AUS,REPRESENTS
VBVWTEAM2---BRA01,BRA,REPRESENTS
VBVWTEAM2---BRA02,BRA,REPRESENTS
VBVWTEAM2---CAN01,CAN,REPRESENTS
VBVWTEAM2---CAN02,CAN,REPRESENTS
VBVWTEAM2---CHN01,CHN,REPRESENTS
VBVWTEAM2---CZE01,CZE,REPRESENTS
VBVWTEAM2---EGY01,EGY,REPRESENTS
VBVWTEAM2---ESP01,ESP,REPRESENTS
VBVWTEAM2---ESP02,ESP,REPRESENTS
VBVWTEAM2---FRA01,FRA,REPRESENTS
VBVWTEAM2---FRA02,FRA,REPRESENTS
VBVWTEAM2---GER01,GER,REPRESENTS
VBVWTEAM2---GER02,GER,REPRESENTS
VBVWTEAM2---ITA01,ITA,REPRESENTS
VBVWTEAM2---JPN01,JPN,REPRESENTS
VBVWTEAM2---LAT01,LAT,REPRESENTS
VBVWTEAM2---LTU01,LTU,REPRESENTS
VBVWTEAM2---NED01,NED,REPRESENTS
VBVWTEAM2---PAR01,PAR,REPRESENTS
VBVWTEAM2---SUI01,SUI,REPRESENTS
VBVWTEAM2---SUI02,SUI,REPRESENTS
VBVWTEAM2---USA01,USA,REPRESENTS
VBVWTEAM2---USA02,USA,REPRESENTS
VVOMTEAM6---ARG01,ARG,REPRESENTS
VVOMTEAM6---BRA01,BRA,REPRESENTS
VVOMTEAM6---CAN01,CAN,REPRESENTS
VVOMTEAM6---EGY01,EGY,REPRESENTS
VVOMTEAM6---FRA01,FRA,REPRESENTS
VVOMTEAM6---GER01,GER,REPRESENTS
VVOMTEAM6---ITA01,ITA,REPRESENTS
VVOMTEAM6---JPN01,JPN,REPRESENTS
VVOMTEAM6---POL01,POL,REPRESENTS
VVOMTEAM6---SLO01,SLO,REPRESENTS
VVOMTEAM6---SRB01,SRB,REPRESENTS
VVOMTEAM6---USA01,USA,REPRESENTS
VVOWTEAM6---BRA01,BRA,REPRESENTS
VVOWTEAM6---CHN01,CHN,REPRESENTS
VVOWTEAM6---DOM01,DOM,REPRESENTS
VVOWTEAM6---FRA01,FRA,REPRESENTS
VVOWTEAM6---ITA01,ITA,REPRESENTS
VVOWTEAM6---JPN01,JPN,REPRESENTS
VVOWTEAM6---KEN01,KEN,REPRESENTS
VVOWTEAM6---NED01,NED,REPRESENTS
VVOWTEAM6---POL01,POL,REPRESENTS
VVOWTEAM6---SRB01,SRB,REPRESENTS
VVOWTEAM6---TUR01,TUR,REPRESENTS
VVOWTEAM6---USA01,USA,REPRESENTS
WPOMTEAM7---AUS01,AUS,REPRESENTS
WPOMTEAM7---CRO01,CRO,REPRESENTS
WPOMTEAM7---ESP01,ESP,REPRESENTS
WPOMTEAM7---FRA01,FRA,REPRESENTS
WPOMTEAM7---GRE01,GRE,REPRESENTS
WPOMTEAM7---HUN01,HUN,REPRESENTS
WPOMTEAM7---ITA01,ITA,REPRESENTS
WPOMTEAM7---JPN01,JPN,REPRESENTS
WPOMTEAM7---MNE01,MNE,REPRESENTS
WPOMTEAM7---ROU01,ROU,REPRESENTS
WPOMTEAM7---SRB01,SRB,REPRESENTS
WPOMTEAM7---USA01,USA,REPRESENTS
WPOWTEAM7---AUS01,AUS,REPRESENTS
WPOWTEAM7---CAN01,CAN,REPRESENTS
WPOWTEAM7---CHN01,CHN,REPRESENTS
WPOWTEAM7---ESP01,ESP,REPRESENTS
WPOWTEAM7---FRA01,FRA,REPRESENTS
WPOWTEAM7---GRE01,GRE,REPRESENTS
WPOWTEAM7---HUN01,HUN,REPRESENTS
WPOWTEAM7---ITA01,ITA,REPRESENTS
WPOWTEAM7---NED01,NED,REPRESENTS
WPOWTEAM7---USA01,USA,REPRESENTS
