:START_ID(Coach-ID),:END_ID(Country-ID),:TYPE
1533246,MEX,REPRESENTS
1535775,IRQ,REPRESENTS
1536055,IRI,REPRESENTS
1536059,IRI,REPRESENTS
1536060,IRI,REPRESENTS
1536328,MEX,REPRESENTS
1538313,ARG,REPRESENTS
1538315,ARG,REPRESENTS
1538317,ARG,REPRESENTS
1538745,ARG,REPRESENTS
1538748,ARG,REPRESENTS
1538751,ARG,REPRESENTS
1539598,IRI,REPRESENTS
1540258,MEX,REPRESENTS
1540259,MEX,REPRESENTS
1540260,MEX,REPRESENTS
1540522,ARG,REPRESENTS
1540638,ARG,REPRESENTS
1540639,ARG,REPRESENTS
1540840,ROU,REPRESENTS
1542341,MAR,REPRESENTS
1542904,MEX,REPRESENTS
1542908,MEX,REPRESENTS
1542913,MEX,REPRESENTS
1542973,MEX,REPRESENTS
1542976,MEX,REPRESENTS
1543567,IND,REPRESENTS
1543570,IND,REPRESENTS
1543575,IND,REPRESENTS
1543576,IND,REPRESENTS
1543577,IND,REPRESENTS
1544157,GBR,REPRESENTS
1544158,GBR,REPRESENTS
1544489,IRL,REPRESENTS
1545106,IND,REPRESENTS
1545139,IND,REPRESENTS
1545947,ITA,REPRESENTS
1545949,ITA,REPRESENTS
1545950,ITA,REPRESENTS
1545955,ITA,REPRESENTS
1546310,ALG,REPRESENTS
1546312,ALG,REPRESENTS
1546698,ESP,REPRESENTS
1546699,ESP,REPRESENTS
1546700,ESP,REPRESENTS
1546701,ESP,REPRESENTS
1546702,ESP,REPRESENTS
1548427,SUR,REPRESENTS
1548848,BUL,REPRESENTS
1548875,BUL,REPRESENTS
1548895,BUL,REPRESENTS
1548902,BUL,REPRESENTS
1548919,BUL,REPRESENTS
1549452,GAM,REPRESENTS
1550038,PUR,REPRESENTS
1550039,PUR,REPRESENTS
1550047,PUR,REPRESENTS
1550196,ROU,REPRESENTS
1550198,ROU,REPRESENTS
1550199,ROU,REPRESENTS
1550201,ROU,REPRESENTS
1550203,ROU,REPRESENTS
1550267,ROU,REPRESENTS
1552001,TPE,REPRESENTS
1555083,CYP,REPRESENTS
1555113,CYP,REPRESENTS
1555115,IRL,REPRESENTS
1555131,CYP,REPRESENTS
1555182,CYP,REPRESENTS
1556249,ROU,REPRESENTS
1556255,ROU,REPRESENTS
1557013,CHI,REPRESENTS
1559048,SWE,REPRESENTS
1559066,SWE,REPRESENTS
1559067,SWE,REPRESENTS
1560169,SEN,REPRESENTS
1561282,BRA,REPRESENTS
1561719,GER,REPRESENTS
1561732,GER,REPRESENTS
1561734,GER,REPRESENTS
1561740,GER,REPRESENTS
1561741,GER,REPRESENTS
1562260,AUT,REPRESENTS
1562563,SWE,REPRESENTS
1562564,SWE,REPRESENTS
1562566,SWE,REPRESENTS
1562778,BUL,REPRESENTS
1562790,BUL,REPRESENTS
1562963,GER,REPRESENTS
1562973,GER,REPRESENTS
1562974,GER,REPRESENTS
1563661,GAM,REPRESENTS
1563956,IRL,REPRESENTS
1563966,GER,REPRESENTS
1564287,IRQ,REPRESENTS
1564321,PUR,REPRESENTS
1564323,PUR,REPRESENTS
1564325,PUR,REPRESENTS
1564413,EGY,REPRESENTS
1564469,EGY,REPRESENTS
1564470,EGY,REPRESENTS
1564477,EGY,REPRESENTS
1564481,EGY,REPRESENTS
1565043,GAB,REPRESENTS
1565143,AUT,REPRESENTS
1565591,JOR,REPRESENTS
1565609,JOR,REPRESENTS
1565612,JOR,REPRESENTS
1565657,UKR,REPRESENTS
1565672,UKR,REPRESENTS
1565759,JOR,REPRESENTS
1566325,AUT,REPRESENTS
1566746,TUR,REPRESENTS
1566749,TUR,REPRESENTS
1567065,SUR,REPRESENTS
1568152,TUR,REPRESENTS
1568153,TUR,REPRESENTS
1568648,MNE,REPRESENTS
1569994,GBR,REPRESENTS
1569995,CRO,REPRESENTS
1569996,CRO,REPRESENTS
1572261,HUN,REPRESENTS
1572269,HUN,REPRESENTS
1572364,HUN,REPRESENTS
1572370,HUN,REPRESENTS
1572373,HUN,REPRESENTS
1572650,FRA,REPRESENTS
1572652,FRA,REPRESENTS
1572654,FRA,REPRESENTS
1573466,FRA,REPRESENTS
1573467,FRA,REPRESENTS
1573468,FRA,REPRESENTS
1573469,FRA,REPRESENTS
1573470,FRA,REPRESENTS
1573668,FRA,REPRESENTS
1573669,FRA,REPRESENTS
1573670,FRA,REPRESENTS
1573671,FRA,REPRESENTS
1573672,FRA,REPRESENTS
1574076,FRA,REPRESENTS
1574080,FRA,REPRESENTS
1574082,FRA,REPRESENTS
1830240,TPE,REPRESENTS
1835894,TPE,REPRESENTS
1878950,TUR,REPRESENTS
1878952,TUR,REPRESENTS
1878956,TUR,REPRESENTS
1879044,TUR,REPRESENTS
1879645,FRA,REPRESENTS
1879871,FRA,REPRESENTS
1879872,FRA,REPRESENTS
1879875,FRA,REPRESENTS
1880219,UZB,REPRESENTS
1880226,UZB,REPRESENTS
1880388,KEN,REPRESENTS
1880389,KEN,REPRESENTS
1880390,KEN,REPRESENTS
1880620,GER,REPRESENTS
1880626,GER,REPRESENTS
1880629,GER,REPRESENTS
1880639,GER,REPRESENTS
1880657,UZB,REPRESENTS
1880659,UZB,REPRESENTS
1887640,UZB,REPRESENTS
1887642,UZB,REPRESENTS
1887644,UZB,REPRESENTS
1887648,UZB,REPRESENTS
1888131,SRB,REPRESENTS
1888241,JPN,REPRESENTS
1888242,JPN,REPRESENTS
1888246,JPN,REPRESENTS
1888338,JPN,REPRESENTS
1888344,JPN,REPRESENTS
1888372,SRB,REPRESENTS
1888498,IRL,REPRESENTS
1891425,HUN,REPRESENTS
1891653,JPN,REPRESENTS
1891659,JPN,REPRESENTS
1891667,JPN,REPRESENTS
1891684,JPN,REPRESENTS
1891686,JPN,REPRESENTS
1891688,JPN,REPRESENTS
1892047,UZB,REPRESENTS
1892050,UZB,REPRESENTS
1893216,FRA,REPRESENTS
1893217,FRA,REPRESENTS
1893323,FRA,REPRESENTS
1893324,FRA,REPRESENTS
1893325,FRA,REPRESENTS
1894657,NOR,REPRESENTS
1894659,NOR,REPRESENTS
1894661,NOR,REPRESENTS
1894662,NOR,REPRESENTS
1894663,NOR,REPRESENTS
1894666,NOR,REPRESENTS
1894756,NOR,REPRESENTS
1895149,HUN,REPRESENTS
1895269,DEN,REPRESENTS
1895270,DEN,REPRESENTS
1895275,DEN,REPRESENTS
1895276,DEN,REPRESENTS
1895279,DEN,REPRESENTS
1895408,FRA,REPRESENTS
1895409,FRA,REPRESENTS
1895410,FRA,REPRESENTS
1895517,HUN,REPRESENTS
1895520,HUN,REPRESENTS
1896158,GBR,REPRESENTS
1896160,GBR,REPRESENTS
1896164,GBR,REPRESENTS
1896167,GBR,REPRESENTS
1896246,GER,REPRESENTS
1896251,GER,REPRESENTS
1896252,GER,REPRESENTS
1896253,GER,REPRESENTS
1896258,GER,REPRESENTS
1896262,GER,REPRESENTS
1896275,GER,REPRESENTS
1896279,GER,REPRESENTS
1896290,GER,REPRESENTS
1896562,JPN,REPRESENTS
1896698,RSA,REPRESENTS
1896700,RSA,REPRESENTS
1897091,CUB,REPRESENTS
1897234,ISR,REPRESENTS
1897292,ISR,REPRESENTS
1897395,EGY,REPRESENTS
1897398,EGY,REPRESENTS
1897518,UKR,REPRESENTS
1897547,UKR,REPRESENTS
1897548,UKR,REPRESENTS
1897550,UKR,REPRESENTS
1897590,UKR,REPRESENTS
1897591,UKR,REPRESENTS
1897592,UKR,REPRESENTS
1897594,UKR,REPRESENTS
1897752,NZL,REPRESENTS
1897775,FIJ,REPRESENTS
1897904,KOR,REPRESENTS
1898398,NOR,REPRESENTS
1898540,CHN,REPRESENTS
1898944,GER,REPRESENTS
1898950,GER,REPRESENTS
1898951,GER,REPRESENTS
1898953,GER,REPRESENTS
1898956,GER,REPRESENTS
1898959,GER,REPRESENTS
1898960,GER,REPRESENTS
1898962,GER,REPRESENTS
1899054,GBR,REPRESENTS
1899056,GBR,REPRESENTS
1899057,GBR,REPRESENTS
1899058,GBR,REPRESENTS
1899060,GBR,REPRESENTS
1899061,GBR,REPRESENTS
1899062,GBR,REPRESENTS
1899085,GER,REPRESENTS
1899175,DOM,REPRESENTS
1899285,GER,REPRESENTS
1899286,GER,REPRESENTS
1899289,GER,REPRESENTS
1899294,GER,REPRESENTS
1899296,GER,REPRESENTS
1899298,GER,REPRESENTS
1900728,FRA,REPRESENTS
1900729,FRA,REPRESENTS
1900730,FRA,REPRESENTS
1900731,FRA,REPRESENTS
1901253,CAN,REPRESENTS
1901258,CAN,REPRESENTS
1901261,CAN,REPRESENTS
1901805,CHN,REPRESENTS
1901806,CHN,REPRESENTS
1901810,CHN,REPRESENTS
1901818,CHN,REPRESENTS
1901832,JPN,REPRESENTS
1901835,JPN,REPRESENTS
1901836,JPN,REPRESENTS
1901839,JPN,REPRESENTS
1901846,JPN,REPRESENTS
1901849,JPN,REPRESENTS
1901850,JPN,REPRESENTS
1901851,JPN,REPRESENTS
1902695,THA,REPRESENTS
1902795,THA,REPRESENTS
1902914,POL,REPRESENTS
1902918,POL,REPRESENTS
1902919,POL,REPRESENTS
1903371,CRO,REPRESENTS
1903379,CRO,REPRESENTS
1903381,CRO,REPRESENTS
1903569,FRA,REPRESENTS
1903570,FRA,REPRESENTS
1903575,FRA,REPRESENTS
1903577,FRA,REPRESENTS
1903584,FRA,REPRESENTS
1903585,FRA,REPRESENTS
1903590,FRA,REPRESENTS
1903594,FRA,REPRESENTS
1903707,EGY,REPRESENTS
1903722,EGY,REPRESENTS
1903754,EGY,REPRESENTS
1903771,FRA,REPRESENTS
1903772,FRA,REPRESENTS
1903773,FRA,REPRESENTS
1903829,BEL,REPRESENTS
1903832,BEL,REPRESENTS
1903833,BEL,REPRESENTS
1903888,BEL,REPRESENTS
1903889,BEL,REPRESENTS
1903900,BEL,REPRESENTS
1904214,KOR,REPRESENTS
1904215,KOR,REPRESENTS
1904220,KOR,REPRESENTS
1904221,KOR,REPRESENTS
1904223,KOR,REPRESENTS
1904759,GBR,REPRESENTS
1904761,GBR,REPRESENTS
1904762,GBR,REPRESENTS
1904765,GBR,REPRESENTS
1904766,GBR,REPRESENTS
1904767,GBR,REPRESENTS
1904768,GBR,REPRESENTS
1904769,GBR,REPRESENTS
1904771,GBR,REPRESENTS
1904772,GBR,REPRESENTS
1904775,GBR,REPRESENTS
1904996,CZE,REPRESENTS
1904998,CZE,REPRESENTS
1904999,CZE,REPRESENTS
1906041,FRA,REPRESENTS
1906042,FRA,REPRESENTS
1906448,FRA,REPRESENTS
1906454,FRA,REPRESENTS
1906462,FRA,REPRESENTS
1906468,FRA,REPRESENTS
1908234,ARG,REPRESENTS
1908241,ARG,REPRESENTS
1908245,ARG,REPRESENTS
1908299,ARG,REPRESENTS
1908401,USA,REPRESENTS
1908402,USA,REPRESENTS
1908403,USA,REPRESENTS
1908408,USA,REPRESENTS
1908409,USA,REPRESENTS
1908410,USA,REPRESENTS
1908549,NIG,REPRESENTS
1908649,DOM,REPRESENTS
1908654,DOM,REPRESENTS
1908776,JPN,REPRESENTS
1908788,JPN,REPRESENTS
1908796,JPN,REPRESENTS
1908800,JPN,REPRESENTS
1908801,JPN,REPRESENTS
1908804,JPN,REPRESENTS
1908808,DOM,REPRESENTS
1908861,CHN,REPRESENTS
1908862,CHN,REPRESENTS
1908863,CHN,REPRESENTS
1908864,CHN,REPRESENTS
1908865,CHN,REPRESENTS
1908866,CHN,REPRESENTS
1909191,KSA,REPRESENTS
1909799,ISR,REPRESENTS
1909813,ISR,REPRESENTS
1909827,HUN,REPRESENTS
1909847,ISR,REPRESENTS
1909857,ISR,REPRESENTS
1909866,ISR,REPRESENTS
1909923,EGY,REPRESENTS
1909939,TUN,REPRESENTS
1910378,CHN,REPRESENTS
1910380,CHN,REPRESENTS
1910382,CHN,REPRESENTS
1910489,ISR,REPRESENTS
1910511,ISR,REPRESENTS
1911256,ANG,REPRESENTS
1912238,ANG,REPRESENTS
1913681,CHN,REPRESENTS
1913682,CHN,REPRESENTS
1913683,CHN,REPRESENTS
1914566,DEN,REPRESENTS
1914822,DEN,REPRESENTS
1914903,DEN,REPRESENTS
1915796,CRO,REPRESENTS
1915797,CRO,REPRESENTS
1915807,CRO,REPRESENTS
1915986,FRA,REPRESENTS
1915987,FRA,REPRESENTS
1917115,MLI,REPRESENTS
1917164,MLI,REPRESENTS
1917720,USA,REPRESENTS
1917721,USA,REPRESENTS
1917722,USA,REPRESENTS
1917723,USA,REPRESENTS
1917725,USA,REPRESENTS
1917858,USA,REPRESENTS
1918016,USA,REPRESENTS
1918018,USA,REPRESENTS
1918019,USA,REPRESENTS
1918026,USA,REPRESENTS
1918543,JPN,REPRESENTS
1918556,JPN,REPRESENTS
1918560,JPN,REPRESENTS
1918568,JPN,REPRESENTS
1918571,JPN,REPRESENTS
1918572,JPN,REPRESENTS
1918766,NZL,REPRESENTS
1918882,CHN,REPRESENTS
1918883,CHN,REPRESENTS
1918884,CHN,REPRESENTS
1918885,CHN,REPRESENTS
1918886,CHN,REPRESENTS
1918887,CHN,REPRESENTS
1918889,CHN,REPRESENTS
1918890,CHN,REPRESENTS
1918891,CHN,REPRESENTS
1918893,CHN,REPRESENTS
1918894,CHN,REPRESENTS
1918895,CHN,REPRESENTS
1918896,CHN,REPRESENTS
1918907,CHN,REPRESENTS
1919322,JPN,REPRESENTS
1919328,JPN,REPRESENTS
1919335,JPN,REPRESENTS
1919338,JPN,REPRESENTS
1919341,JPN,REPRESENTS
1919343,JPN,REPRESENTS
1919511,TJK,REPRESENTS
1919719,AIN,REPRESENTS
1919734,ARM,REPRESENTS
1919736,AIN,REPRESENTS
1919740,ARM,REPRESENTS
1919741,AIN,REPRESENTS
1921141,ITA,REPRESENTS
1921142,ITA,REPRESENTS
1921143,ITA,REPRESENTS
1921148,ITA,REPRESENTS
1921149,ITA,REPRESENTS
1921150,ITA,REPRESENTS
1922666,BEL,REPRESENTS
1924891,URU,REPRESENTS
1924892,URU,REPRESENTS
1924915,LTU,REPRESENTS
1925565,ITA,REPRESENTS
1925566,ITA,REPRESENTS
1925568,ITA,REPRESENTS
1925590,ITA,REPRESENTS
1925602,ITA,REPRESENTS
1925620,ITA,REPRESENTS
1925740,CZE,REPRESENTS
1925948,VEN,REPRESENTS
1926042,NGR,REPRESENTS
1926057,PUR,REPRESENTS
1926527,NZL,REPRESENTS
1926529,NZL,REPRESENTS
1926530,NZL,REPRESENTS
1926532,NZL,REPRESENTS
1926601,NZL,REPRESENTS
1926602,NZL,REPRESENTS
1926603,NZL,REPRESENTS
1926604,NZL,REPRESENTS
1926605,NZL,REPRESENTS
1926606,NZL,REPRESENTS
1926607,NZL,REPRESENTS
1926612,NZL,REPRESENTS
1927174,CHN,REPRESENTS
1927222,CHN,REPRESENTS
1927223,CHN,REPRESENTS
1927270,CHN,REPRESENTS
1927271,CHN,REPRESENTS
1927274,CHN,REPRESENTS
1927534,CHN,REPRESENTS
1927535,CHN,REPRESENTS
1927537,CHN,REPRESENTS
1927542,CHN,REPRESENTS
1927873,KOR,REPRESENTS
1927879,KOR,REPRESENTS
1927880,KOR,REPRESENTS
1927972,HKG,REPRESENTS
1928060,CRO,REPRESENTS
1928061,CRO,REPRESENTS
1928154,ZAM,REPRESENTS
1928466,POL,REPRESENTS
1928467,POL,REPRESENTS
1928468,POL,REPRESENTS
1928469,POL,REPRESENTS
1928714,ZAM,REPRESENTS
1929274,EOR,REPRESENTS
1929291,EOR,REPRESENTS
1929319,EOR,REPRESENTS
1929643,KAZ,REPRESENTS
1929644,KAZ,REPRESENTS
1929663,ITA,REPRESENTS
1929717,URU,REPRESENTS
1930009,URU,REPRESENTS
1930168,FRA,REPRESENTS
1930169,FRA,REPRESENTS
1930171,FRA,REPRESENTS
1930172,FRA,REPRESENTS
1930294,KAZ,REPRESENTS
1930295,KAZ,REPRESENTS
1930296,KAZ,REPRESENTS
1930311,KAZ,REPRESENTS
1930636,ARG,REPRESENTS
1930646,COL,REPRESENTS
1930666,ZAM,REPRESENTS
1930695,HAI,REPRESENTS
1930765,USA,REPRESENTS
1930922,USA,REPRESENTS
1931463,ZAM,REPRESENTS
1931488,EGY,REPRESENTS
1931494,EGY,REPRESENTS
1931502,EGY,REPRESENTS
1931612,KAZ,REPRESENTS
1931614,KAZ,REPRESENTS
1931616,KAZ,REPRESENTS
1932162,PLE,REPRESENTS
1932176,HUN,REPRESENTS
1932535,HUN,REPRESENTS
1933104,BUL,REPRESENTS
1933362,HUN,REPRESENTS
1933372,HUN,REPRESENTS
1933474,ARG,REPRESENTS
1933569,COL,REPRESENTS
1933763,ARG,REPRESENTS
1934022,ARG,REPRESENTS
1934443,ESP,REPRESENTS
1934447,ESP,REPRESENTS
1934451,ESP,REPRESENTS
1934452,ESP,REPRESENTS
1934457,ESP,REPRESENTS
1934462,ESP,REPRESENTS
1934463,ESP,REPRESENTS
1934464,ESP,REPRESENTS
1934466,ESP,REPRESENTS
1934467,ESP,REPRESENTS
1934811,COL,REPRESENTS
1934831,RSA,REPRESENTS
1934833,RSA,REPRESENTS
1934834,RSA,REPRESENTS
1934835,RSA,REPRESENTS
1934837,RSA,REPRESENTS
1935326,NGR,REPRESENTS
1935341,NGR,REPRESENTS
1935667,USA,REPRESENTS
1935669,USA,REPRESENTS
1935695,COL,REPRESENTS
1935699,COL,REPRESENTS
1935822,ESP,REPRESENTS
1935823,ESP,REPRESENTS
1935824,ESP,REPRESENTS
1935825,ESP,REPRESENTS
1935826,ESP,REPRESENTS
1935827,ESP,REPRESENTS
1935828,ESP,REPRESENTS
1935829,ESP,REPRESENTS
1935830,ESP,REPRESENTS
1935831,ESP,REPRESENTS
1935832,ESP,REPRESENTS
1935833,ESP,REPRESENTS
1935834,ESP,REPRESENTS
1935835,ESP,REPRESENTS
1935836,ESP,REPRESENTS
1935837,ESP,REPRESENTS
1935838,ESP,REPRESENTS
1936384,PNG,REPRESENTS
1936918,ANG,REPRESENTS
1938936,POR,REPRESENTS
1940069,AUS,REPRESENTS
1940074,AUS,REPRESENTS
1940075,AUS,REPRESENTS
1940078,AUS,REPRESENTS
1940088,AUS,REPRESENTS
1940089,AUS,REPRESENTS
1940092,AUS,REPRESENTS
1940093,AUS,REPRESENTS
1940094,AUS,REPRESENTS
1940331,KOR,REPRESENTS
1940570,KOR,REPRESENTS
1940575,KOR,REPRESENTS
1940578,KOR,REPRESENTS
1940583,KOR,REPRESENTS
1940584,KOR,REPRESENTS
1940930,HUN,REPRESENTS
1941188,KEN,REPRESENTS
1941189,KEN,REPRESENTS
1941198,HUN,REPRESENTS
1941323,LES,REPRESENTS
1941674,AUS,REPRESENTS
1941682,AUS,REPRESENTS
1941683,AUS,REPRESENTS
1941685,AUS,REPRESENTS
1941686,AUS,REPRESENTS
1941689,AUS,REPRESENTS
1941847,MLI,REPRESENTS
1941852,PAR,REPRESENTS
1942626,ESP,REPRESENTS
1942627,ESP,REPRESENTS
1942638,ESP,REPRESENTS
1942803,BEL,REPRESENTS
1942804,BEL,REPRESENTS
1942806,BEL,REPRESENTS
1942816,BEL,REPRESENTS
1942828,HUN,REPRESENTS
1942869,PAR,REPRESENTS
1943302,USA,REPRESENTS
1943308,USA,REPRESENTS
1943311,USA,REPRESENTS
1943842,PAR,REPRESENTS
1944188,USA,REPRESENTS
1944189,USA,REPRESENTS
1944190,USA,REPRESENTS
1944191,USA,REPRESENTS
1944971,NZL,REPRESENTS
1944972,NZL,REPRESENTS
1944973,NZL,REPRESENTS
1944974,NZL,REPRESENTS
1944977,NZL,REPRESENTS
1944979,NZL,REPRESENTS
1945000,NZL,REPRESENTS
1945433,AUS,REPRESENTS
1945439,AUS,REPRESENTS
1945443,AUS,REPRESENTS
1945447,AUS,REPRESENTS
1945451,AUS,REPRESENTS
1945457,AUS,REPRESENTS
1945459,AUS,REPRESENTS
1945474,AUS,REPRESENTS
1945548,CHN,REPRESENTS
1945549,CHN,REPRESENTS
1945550,CHN,REPRESENTS
1945552,CHN,REPRESENTS
1946315,AUS,REPRESENTS
1946317,AUS,REPRESENTS
1946582,ITA,REPRESENTS
1946583,ITA,REPRESENTS
1946585,ITA,REPRESENTS
1946907,AZE,REPRESENTS
1947221,MNE,REPRESENTS
1947623,AUS,REPRESENTS
1947628,AUS,REPRESENTS
1947636,AUS,REPRESENTS
1947637,AUS,REPRESENTS
1947638,AUS,REPRESENTS
1947758,TUN,REPRESENTS
1947762,TUN,REPRESENTS
1948319,ESP,REPRESENTS
1948320,ESP,REPRESENTS
1948321,ESP,REPRESENTS
1948322,ESP,REPRESENTS
1948429,SRB,REPRESENTS
1948431,SRB,REPRESENTS
1948432,SRB,REPRESENTS
1948433,SRB,REPRESENTS
1948434,SRB,REPRESENTS
1948438,SRB,REPRESENTS
1948749,SRB,REPRESENTS
1948750,SRB,REPRESENTS
1948752,SRB,REPRESENTS
1948764,SRB,REPRESENTS
1948904,GBR,REPRESENTS
1948911,GBR,REPRESENTS
1948913,GBR,REPRESENTS
1948914,GBR,REPRESENTS
1948915,GBR,REPRESENTS
1948979,SRB,REPRESENTS
1948980,SRB,REPRESENTS
1948981,SRB,REPRESENTS
1948983,SRB,REPRESENTS
1949017,INA,REPRESENTS
1949063,SRB,REPRESENTS
1949064,SRB,REPRESENTS
1949394,ESP,REPRESENTS
1949402,ESP,REPRESENTS
1949458,BEL,REPRESENTS
1949459,BEL,REPRESENTS
1949468,DOM,REPRESENTS
1949531,DOM,REPRESENTS
1949864,BEL,REPRESENTS
1949874,BEL,REPRESENTS
1950176,AUS,REPRESENTS
1950180,AUS,REPRESENTS
1950182,AUS,REPRESENTS
1950187,AUS,REPRESENTS
1950509,USA,REPRESENTS
1950510,USA,REPRESENTS
1950515,USA,REPRESENTS
1950520,USA,REPRESENTS
1950521,USA,REPRESENTS
1951636,BRA,REPRESENTS
1951639,BRA,REPRESENTS
1952532,BRA,REPRESENTS
1953168,JPN,REPRESENTS
1953169,JPN,REPRESENTS
1953170,JPN,REPRESENTS
1953555,EGY,REPRESENTS
1953646,BRA,REPRESENTS
1953647,BRA,REPRESENTS
1953649,BRA,REPRESENTS
1953652,BRA,REPRESENTS
1953686,BRA,REPRESENTS
1953687,BRA,REPRESENTS
1953695,BRA,REPRESENTS
1953710,BRA,REPRESENTS
1953713,BRA,REPRESENTS
1954067,USA,REPRESENTS
1954068,USA,REPRESENTS
1954069,USA,REPRESENTS
1954409,BRA,REPRESENTS
1954411,BRA,REPRESENTS
1954413,BRA,REPRESENTS
1954426,BRA,REPRESENTS
1954481,USA,REPRESENTS
1954482,USA,REPRESENTS
1954483,USA,REPRESENTS
1954484,USA,REPRESENTS
1954499,USA,REPRESENTS
1954500,USA,REPRESENTS
1954501,USA,REPRESENTS
1954502,USA,REPRESENTS
1954503,USA,REPRESENTS
1954505,USA,REPRESENTS
1954672,FIJ,REPRESENTS
1955000,BRA,REPRESENTS
1955021,BRA,REPRESENTS
1955060,BRA,REPRESENTS
1955820,BRA,REPRESENTS
1955822,BRA,REPRESENTS
1955881,FIJ,REPRESENTS
1955954,AUS,REPRESENTS
1955958,AUS,REPRESENTS
1956101,TLS,REPRESENTS
1956202,ISR,REPRESENTS
1956206,ISR,REPRESENTS
1956383,SRB,REPRESENTS
1956384,SRB,REPRESENTS
1956385,SRB,REPRESENTS
1956422,ISR,REPRESENTS
1956472,SRB,REPRESENTS
1956473,SRB,REPRESENTS
1956476,SRB,REPRESENTS
1956655,IRL,REPRESENTS
1956699,IRL,REPRESENTS
1956722,MKD,REPRESENTS
1957027,EGY,REPRESENTS
1957190,ESP,REPRESENTS
1957191,ESP,REPRESENTS
1957192,ESP,REPRESENTS
1957193,ESP,REPRESENTS
1957222,ESP,REPRESENTS
1957223,ESP,REPRESENTS
1957224,ESP,REPRESENTS
1957225,ESP,REPRESENTS
1957226,ESP,REPRESENTS
1957227,ESP,REPRESENTS
1957429,HUN,REPRESENTS
1957645,ITA,REPRESENTS
1957768,ITA,REPRESENTS
1958557,LAO,REPRESENTS
1958748,ESP,REPRESENTS
1958749,ESP,REPRESENTS
1958751,ESP,REPRESENTS
1958752,ESP,REPRESENTS
1958754,ESP,REPRESENTS
1958756,ESP,REPRESENTS
1958758,ESP,REPRESENTS
1958760,ESP,REPRESENTS
1958761,ESP,REPRESENTS
1958763,ESP,REPRESENTS
1958764,ESP,REPRESENTS
1959349,USA,REPRESENTS
1959353,USA,REPRESENTS
1959368,USA,REPRESENTS
1959369,USA,REPRESENTS
1959382,USA,REPRESENTS
1959384,USA,REPRESENTS
1959395,USA,REPRESENTS
1959400,USA,REPRESENTS
1959405,USA,REPRESENTS
1959412,USA,REPRESENTS
1959432,USA,REPRESENTS
1960844,CAN,REPRESENTS
1960845,CAN,REPRESENTS
1960848,CAN,REPRESENTS
1960860,CAN,REPRESENTS
1961375,CIV,REPRESENTS
1961586,FIJ,REPRESENTS
1961712,TGA,REPRESENTS
1961720,TGA,REPRESENTS
1961741,TGA,REPRESENTS
1961751,TGA,REPRESENTS
1961912,FIJ,REPRESENTS
1962265,IRL,REPRESENTS
1962452,IRL,REPRESENTS
1962481,HKG,REPRESENTS
1963019,EGY,REPRESENTS
1963171,ESP,REPRESENTS
1963174,ESP,REPRESENTS
1963175,ESP,REPRESENTS
1963555,BEL,REPRESENTS
1963556,BEL,REPRESENTS
1963627,JPN,REPRESENTS
1963628,JPN,REPRESENTS
1964423,BRA,REPRESENTS
1964448,BRA,REPRESENTS
1964453,BRA,REPRESENTS
1964473,BRA,REPRESENTS
1964481,BRA,REPRESENTS
1964485,BRA,REPRESENTS
1964492,BRA,REPRESENTS
1965161,RSA,REPRESENTS
1965168,RSA,REPRESENTS
1965644,PAN,REPRESENTS
1967242,NZL,REPRESENTS
1967254,CAN,REPRESENTS
1967256,CAN,REPRESENTS
1967258,CAN,REPRESENTS
1967262,CAN,REPRESENTS
1967313,CAN,REPRESENTS
1967315,CAN,REPRESENTS
1967332,SAM,REPRESENTS
1967468,CAN,REPRESENTS
1967471,CAN,REPRESENTS
1967472,CAN,REPRESENTS
1967642,BRA,REPRESENTS
1967672,BRA,REPRESENTS
1967683,BRA,REPRESENTS
1968210,SAM,REPRESENTS
1968247,AUS,REPRESENTS
1968453,GRE,REPRESENTS
1968484,GRE,REPRESENTS
1968489,GRE,REPRESENTS
1968491,GRE,REPRESENTS
1968492,GRE,REPRESENTS
1968495,GRE,REPRESENTS
1968531,GRE,REPRESENTS
1968540,GRE,REPRESENTS
1968567,GRE,REPRESENTS
1968759,EOR,REPRESENTS
1968802,AUS,REPRESENTS
1968822,AUS,REPRESENTS
1968838,AUS,REPRESENTS
1968868,NED,REPRESENTS
1968871,NED,REPRESENTS
1968964,EGY,REPRESENTS
1969275,LBN,REPRESENTS
1969357,MAR,REPRESENTS
1969386,MAR,REPRESENTS
1969466,SYR,REPRESENTS
1970225,NED,REPRESENTS
1970227,NED,REPRESENTS
1970228,NED,REPRESENTS
1970229,NED,REPRESENTS
1970235,NED,REPRESENTS
1970236,NED,REPRESENTS
1970237,NED,REPRESENTS
1970317,NED,REPRESENTS
1970322,NED,REPRESENTS
1970733,GRE,REPRESENTS
1970859,CYP,REPRESENTS
1970880,NGR,REPRESENTS
1970974,MAR,REPRESENTS
1971523,CAN,REPRESENTS
1972037,NED,REPRESENTS
1972052,NED,REPRESENTS
1972055,NED,REPRESENTS
1972056,NED,REPRESENTS
1972359,AZE,REPRESENTS
1972419,AZE,REPRESENTS
1972423,AZE,REPRESENTS
1972426,AZE,REPRESENTS
1972427,AZE,REPRESENTS
1972461,NED,REPRESENTS
1972652,RSA,REPRESENTS
1972655,RSA,REPRESENTS
1972933,DOM,REPRESENTS
1972934,CIV,REPRESENTS
1972992,DOM,REPRESENTS
1973058,DOM,REPRESENTS
1973138,CAN,REPRESENTS
1973147,CAN,REPRESENTS
1973162,CAN,REPRESENTS
1973180,CAN,REPRESENTS
1973374,GBR,REPRESENTS
1973377,SSD,REPRESENTS
1973378,GBR,REPRESENTS
1973524,NED,REPRESENTS
1973525,NED,REPRESENTS
1973532,NED,REPRESENTS
1973576,SSD,REPRESENTS
1973651,SSD,REPRESENTS
1973693,NGR,REPRESENTS
1974021,CAN,REPRESENTS
1974022,CAN,REPRESENTS
1974025,CAN,REPRESENTS
1974026,CAN,REPRESENTS
1974386,BUR,REPRESENTS
1974755,CAN,REPRESENTS
1974756,CAN,REPRESENTS
1974757,CAN,REPRESENTS
1974760,CAN,REPRESENTS
1974766,CAN,REPRESENTS
1974769,CAN,REPRESENTS
1974771,CAN,REPRESENTS
1974772,CAN,REPRESENTS
1974773,CAN,REPRESENTS
1975398,SSD,REPRESENTS
1975920,PHI,REPRESENTS
1975923,ISR,REPRESENTS
1975934,PHI,REPRESENTS
1977071,IRL,REPRESENTS
1977388,NGR,REPRESENTS
1977689,GUI,REPRESENTS
1978161,SUI,REPRESENTS
1978215,SUI,REPRESENTS
1978259,SUI,REPRESENTS
1978688,EGY,REPRESENTS
1980774,PRK,REPRESENTS
1980904,SLO,REPRESENTS
1980943,SLO,REPRESENTS
1980962,SLO,REPRESENTS
1980979,SLO,REPRESENTS
1980981,SLO,REPRESENTS
1980987,SLO,REPRESENTS
1980990,SLO,REPRESENTS
1981325,SLO,REPRESENTS
1981356,SLO,REPRESENTS
1981649,SLO,REPRESENTS
1981689,SLO,REPRESENTS
1981697,SLO,REPRESENTS
1986732,NGR,REPRESENTS
2041085,IRL,REPRESENTS
2476695,RSA,REPRESENTS
3057892,BUL,REPRESENTS
3430822,BRA,REPRESENTS
3496078,PHI,REPRESENTS
3520243,EOR,REPRESENTS
3528052,NGR,REPRESENTS
3538853,IRL,REPRESENTS
3539442,IRL,REPRESENTS
3544158,UKR,REPRESENTS
3545804,SSD,REPRESENTS
3546458,GUI,REPRESENTS
3546645,FIJ,REPRESENTS
3561918,IRQ,REPRESENTS
4043244,SAM,REPRESENTS
4043245,SAM,REPRESENTS
4043246,SAM,REPRESENTS
4044836,ALG,REPRESENTS
4119109,EGY,REPRESENTS
4645809,SYR,REPRESENTS
4646497,SLO,REPRESENTS
4649776,MLI,REPRESENTS
4653058,HAI,REPRESENTS
4653997,MLI,REPRESENTS
4658462,EGY,REPRESENTS
4847471,BUR,REPRESENTS
4968759,PHI,REPRESENTS
4968917,GUI,REPRESENTS
4976780,SYR,REPRESENTS
5016082,GBS,REPRESENTS
9230002,BRA,REPRESENTS
9230003,BRA,REPRESENTS
9230006,ESP,REPRESENTS
9230010,NED,REPRESENTS
9230012,ARG,REPRESENTS
9230013,ARG,REPRESENTS
9230017,ESP,REPRESENTS
9230018,ESP,REPRESENTS
9230020,NOR,REPRESENTS
9390001,BUR,REPRESENTS
9430008,ITA,REPRESENTS
9450042,GRE,REPRESENTS
